Page,ContentURL,Transcript
1,https://audio-bible-cdn.youversionapi.com/1184/32k/JOS/1-ca678130b340892454dbc0a56f7d9041.mp3,"Le Yehowa ƒe dɔla, Mose ƒe ku megbe la, Yehowa gblɔ na Yosua, Nun ƒe vi, ame si
nye Mose ƒe kpeɖeŋutɔ la bena, “Nye dɔla, Mose ku. Azɔ la wò kple dukɔ blibo la,
midzra ɖo miatso Yɔdan tɔsisi la ayi ɖe anyigba si mele Israelviwo nam la dzi.
Matsɔ teƒe sia teƒe si miaɖo afɔe la ana mi abe ale si medo ŋugbee na Mose ene.
Miaƒe anyigba la akeke tso gbegbe la va ɖo Lebanon, tso Frat tɔsisi gã la to ava
to Hititɔwo ƒe anyigba la katã dzi va se ɖe Domeƒu la ƒe ɣedzeƒe lɔƒo. Le wò
agbemeŋkekewo katã me la, ame aɖeke mate ŋu anɔ te ɖe nuwò o, elabena manɔ kpli
wò abe ale si menɔ kple Mose ene. Nyemagblẽ wò ɖi alo aɖe asi le ŋuwò o. “Lé dzi
ɖe ƒo, eye nàwɔ kalẽ, elabena wòe akplɔ nye amewo woaxɔ anyigba si ŋuti meka
atam ɖo na mia fofowo be matsɔ na wo abe domenyinu ene. Nu si wòle be nàwɔ koe
nye nàsẽ ŋu, nàlé dzi ɖe ƒo, eye nàwɔ se siwo katã nye dɔla, Mose de na mi la
dzi. Migatrɔ le eyome ɖe ɖusime alo miame o, be wòadze edzi na mi le afi sia afi
si miayi. Mègana Segbalẽ sia nado le wò nu me o, de ŋugble le eŋu zã kple keli
be nàwɔ nu siwo katã woŋlɔ ɖe eme la dzi nyuie. Ekema dzɔgbenyui kple dzidzedze
anɔ wò mɔ dzi. Ɖe nyemede se na wò be nàse ŋu, eye nàlé dzi ɖe ƒo oa? Ŋɔ megadzi
wò o, eye dzi hã megaɖe le ƒowò o, elabena Yehowa, wò Mawu la anɔ kpli wò le afi
sia afi si nàyi.”  Azɔ Yosua gblɔ na aʋakplɔlawo be, “Mizɔ to asaɖa la me, eye
miagblɔ na ameawo be, ‘Midzra miaƒe nuwo ɖo, elabena le ŋkeke etɔ̃ megbe la,
miatso Yɔdan tɔsisi la ayi aɖaxɔ anyigba si Yehowa, miaƒe Mawu la le mia nam be
wòanye mia tɔ.’ ” Yosua gblɔ na Ruben ƒe viwo, Gad ƒe viwo kple Manase ƒe viwo
ƒe to ƒe afã bena, “Miɖo ŋku nya si Mose, Yehowa ƒe dɔla gblɔ na mi la dzi.
Egblɔ na mi be, ‘Yehowa, miaƒe Mawu la na anyigba mi le afi sia, le Yɔdan tɔsisi
la ƒe ɣedzeƒe lɔƒo, eya ta mia srɔ̃wo kple mia viwo kple miaƒe lãwo atsi afi
sia. Ke ele na miaƒe aʋawɔlawo be woabla akpa, akplɔ ame bubuawo atso tɔsisi
lae, akpe ɖe wo ŋu be, woaxɔ anyigba si le tɔsisi la godo. Le esia megbe hafi
miate ŋu ava nɔ afi sia, le Yɔdan tɔsisi la ƒe ɣedzeƒe lɔƒo.’ ” Ameawo lɔ̃ ɖe
nya sia dzi, eye woka ɖe edzi na Yosua be, “Míawɔ nu sia nu si nàgblɔ na mí, eye
míayi afi sia afi si nàɖo mí ɖo la. Abe ale si míeɖo to Mose le nu sia nu me ene
la, nenema tututu míaɖo to wò hã. Yehowa, wò Mawu la nanɔ kpli wò abe ale si
wònɔ kple Mose ene. Ame sia ame, ame ka kee wòɖanye o, si atsi tsitre ɖe wò sewo
ŋu la aku godoo, eya ta tsɔ dzideƒo kple ŋusẽ nàkplɔ mí ayii!”"
2,https://audio-bible-cdn.youversionapi.com/1184/32k/JOS/2-15411484410476d5f2e35f98a0da1370.mp3,"Yosua, Nun ƒe vi la dɔ ŋkutsala eve tso Israelviwo ƒe asaɖa la me le Sitim be
woatso tɔsisi la, eye woalé ŋku ɖe nuwo ŋu le afi ma le adzame, vevietɔ le
Yeriko. Ŋkutsalawo yi ɖadze gbolo aɖe si ŋkɔe nye Rahab la gbɔ. Wodi be yewoanɔ
afi ma ŋkeke eve, ke ame aɖewo yi ɖagblɔ na Yeriko fia be, Israelvi eve, ame
siwo ɖi ŋkutsalawo la va ɖo dua me fiẽ ma. Ale fia la dɔ dɔlawo ɖo ɖe Rahab be,
“Ɖe asi le amedzroawo ŋu, elabena ŋkutsalawo wonye, eye Israelviwo ƒe kplɔlawoe
ɖo wo ɖa be woadi mɔ nyuitɔ si dzi woato aho aʋa ɖe mía ŋu.” Ke Rahab ɣla
amedzroawo, eye wògblɔ be, “Ameawo nya va afi sia do ŋgɔ na mi, gake nyemenya ne
ŋkutsalawo wonye o. Wodzo esi xexea me de asi tsyɔtsyɔ me, eye wòsusɔ vie woatu
dua ƒe agbowo. Nyemenya afi si woyi o, ne mieɖe abla la, ɖewohĩ miatu wo!” Nu si
Rahab wɔe nye, ekplɔ ameawo yi xɔta, eye wòɣla wo ɖe ɖetifu si wòsia ɖe afi ma
la te. Ale dɔlawo di wo yi keke Yɔdan tɔsisi la to. Esi dɔlawo dze mɔ ko la,
wotu dua ƒe agbowo. Hafi woamlɔ anyi la, Rahab yi ɖagblɔ na amedzroawo be,
“Menyae nyuie be Yehowa le míaƒe anyigba tsɔ ge na mi. Mí katã míele mia vɔ̃m.
Miaƒe ŋkɔ ‘Israel’ sese ɖeɖe hã dea vɔvɔ̃ lãme na ame sia ame, elabena míese ale
si Yehowa ɖe mɔ to Ƒu Dzĩ la me na mi esi miedzo le Egipte! Míenya nu si miewɔ
Sixɔn kple Ɔg, Amoritɔwo ƒe fia eve siwo le Yɔdan tɔsisi la ƒe ɣedzeƒe lɔƒo kple
ale si miegblẽ woƒe anyigba, eye mietsrɔ̃ dukɔ blibo la gbidigbidi. Nu sia ta
míele mia vɔ̃m ŋutɔŋutɔ! Nya siawo sese ɖe dzi le mía ƒo, elabena Yehowa, miaƒe
Mawue nye Mawu gã le dziƒo, eye menye mawu dzodzro aɖeke o. Ke azɔ la, mika atam
nam kple Yehowa, miaƒe Mawu la be miave nye ƒometɔwo nu, elabena nye hã menyo dɔ
me na mi. Azɔ mina dzesim abe kakaɖedzi ene, be miaɖe fofonye kple danye,
nɔvinye ŋutsuwo kple nɔvinye nyɔnuwo ƒe agbe kpe ɖe woƒe nunɔamesiwo ŋu, eye be
míaɖe mí tso ku me.” Amedzroawo lɔ̃, eye wodo ŋugbe nɛ be, “Ne màfia mía yomemɔ
o la, ekema míakpɔ egbɔ be wò kple wò ƒometɔwo katã mianɔ dedie. Míatsɔ míaƒe
agbe aʋli mia ta.” Esi Rahab ƒe xɔta kɔ wu dua ƒe gliwo ta la, esa ka legbe aɖe
ɖe eƒe fesreti ŋu, eye wòna amedzroawo ɖiɖi to ka la ŋu ɖe anyigba le dua godo.
Rahab gblɔ na ŋkutsalawo be, “Misi yi toawo dzi. Minɔ afi ma ŋkeke etɔ̃ va se ɖe
esime ame siwo le mia dim la natrɔ agbɔ, ekema miate ŋu atrɔ adzo azɔ.” Ŋutsuawo
gblɔ nɛ be, “Atam si nèna míeka fifia la, mabla mí o, negbe ne míege ɖe anyigba
la dzi, eye nètsɔ avɔ dzĩ tsi ɖe fesre si nètsɔ mí toe la nu, eye ne mèkplɔ
fofowò kple dawò, nɔviwò ŋutsuwo kple wò ƒometɔwo katã va wò aƒe me o la, míedze
agɔ o. Ne ame aɖe do go le wò aƒe me yi mɔtata dzi la, eƒe ʋu anɔ eya ŋutɔ ƒe ta
dzi, menye míawoe wɔe o. Ke hena ame siwo anɔ wò aƒe me la, amea ƒe ʋu ava míaƒe
ta dzi ne míeka asi eŋuti. Ke ne ègblɔ nu si wɔm míele la na ame aɖe la, atam si
nèna míeka la, mabla mí o.” Rahab gblɔ na wo bena, “Melɔ̃ ɖe miaƒe ɖoɖo siawo
dzi abe ale si miegblɔe ene.” Ale wòɖe asi le wo ŋu woyi. Ke etsi ka dzĩ la ɖe
fesreti la ŋu. Ŋkutsalawo yi toawo dzi, eye wonɔ afi ma ŋkeke etɔ̃ va se ɖe
esime ame siwo nɔ wo yome tim la di wo le afi sia afi le mɔa dzi do kpoe, eye
wotrɔ gbɔ va dua me. Ŋkutsala eveawo ɖi tso toawo dzi, eye wotso tɔsisi la.
Wogblɔ nya sia nya si dzɔ la na Yosua, Nun ƒe vi. Wogblɔ be, “Kakaɖedzi blibo li
bena, Yehowa atsɔ anyigba la katã ana mí, elabena afi ma tɔwo katã le mía vɔ̃m
ŋutɔŋutɔ.”"
3,https://audio-bible-cdn.youversionapi.com/1184/32k/JOS/3-335fc42dc8d4e1797b2d6bcc1c25e39b.mp3,"Yosua kple Israelviwo katã fɔ ŋdi kanya, eye wodze mɔ tso Sitim va ɖo Yɔdan
tɔsisi la to le fiẽ me. Wotsi afi ma dɔ ŋkeke ʋɛ aɖewo hafi tso tɔsisi la. Le
ŋkeke etɔ̃lia gbe la, kplɔlawo tsa le asaɖa la me, eye woɖe gbeƒã na ameawo be,
“Ne miekpɔ nunɔlawo, ame siwo nye Levitɔwo wokɔ Yehowa, miaƒe Mawu la ƒe
nubablaɖaka la, ekema miho miadze wo yome. Mieva afi sia kpɔ o, eya ta nunɔlawo
afia afi si miayi la mi, gake migate ɖe nubablaɖaka la ŋu kplikplikpli o; mina
dometsotso abe kilomita ɖeka ene nanɔ miawo kple nubablaɖaka la dome. Mikpɔ egbɔ
be yewomete ɖe eŋu wu nenema o.” Yosua gblɔ na ameawo be, “Mikɔ mia ɖokuiwo
ŋuti, elabena etsɔ la, Yehowa le nukunu gã aɖe wɔ ge.” Yosua gblɔ na nunɔlawo le
ŋdi me be, “Mikɔ nubablaɖaka la, eye miakplɔ mí atso Yɔdan tɔsisi lae!” Ale
wodze mɔ. Yehowa gblɔ na Yosua be, “Made bubu gã aɖe ŋuwò egbe ale be,
Israelviwo katã nanya be meli kpli wò abe ale si menɔ kple Mose ene. Gblɔ na
nunɔla siwo kɔ nubablaɖaka la be woatɔ ɖe tɔsisi la nu.” Yosua ƒo ƒu Israelviwo
katã nu, eye wògblɔ na wo be, “Miva miase nya si Yehowa, míaƒe Mawu la gblɔ.
Egbe la, miadze sii kɔtɛe be Mawu gbagbe la le mia dome, eye wòanya Kanaantɔwo,
Hititɔwo, Hivitɔwo, Perizitɔwo, Girgasitɔwo, Amoritɔwo, kple Yebusitɔwo le
anyigba si xɔ ge míala fifia la dzi. Mibu eŋu kpɔ! Mawu, ame si nye Aƒetɔ na
xexea me katã la ƒe nubablaɖaka akplɔ mí atso tɔsisi lae! “Fifia la, mitia ame
wuieve, ame ɖeka tso Israel ƒe to ɖe sia ɖe me hena dɔ tɔxɛ aɖe wɔwɔ. Ne nunɔla
siwo kɔ Yehowa, anyigba la katã ƒe Aƒetɔ ƒe nubablaɖaka la, ka afɔ Yɔdan tɔsisi
la me teti ko la, eƒe tsi siwo le sisim yi anyigbeme la nu atso, eye woazu gli.”
Ale esi ameawo do le asaɖa la me yina be woatso Yɔdan tɔsisia la, nunɔla siwo kɔ
nubablaɖaka la dze ŋgɔ na wo. Azɔ Yɔdan tɔsisi la ɖɔ, gbagba le nuŋeɣi katã,
gake esi nunɔla siwo kɔ nubablaɖaka la ɖo Yɔdan tɔsisi la nu, eye woƒe afɔ ka
tɔsisi la to teti ko la, dzigbetsi la dzudzɔ sisi, eye wòzu gli le adzɔge na wo
le du aɖe si woyɔna be Adam la gbɔ le Zaretan lɔƒo. Ke tsi si nɔ sisim yina ɖe
anyigbeme la si yi ɖe Araba alo Dzeƒu la me. Ale tsi la ƒe sisi tɔ keŋkeŋ, eye
ameawo tso tɔsisi la ɖi go ɖe Yeriko kasa. Nunɔla siwo kɔ Yehowa ƒe nubablaɖaka
la tɔ ɖe anyigba ƒuƒui dzi le Yɔdan tɔsisi la titina, ale Israelviwo katã tso
eme va se ɖe esime dukɔ blibo la tso tɔsisi la le anyigba ƒuƒu dzi."
4,https://audio-bible-cdn.youversionapi.com/1184/32k/JOS/4-54614240206cc6169db61c5e81afb883.mp3,"Esi ameawo katã tso tɔsisi la dedie la, Yehowa gblɔ na Yosua bena, “Tia ame
wuieve tso Israel dukɔ la me, ame ɖeka tso to ɖe sia ɖe me, eye nàgblɔ na wo be:
woatsɔ kpe wuieve tso teƒe si tututu nunɔlaawo tsi tsitre ɖo le Yɔdan tɔsisi la
titina; woatsɔ kpe wuieve siawo ayi ɖe teƒe si miaƒu asaɖa anyi ɖo le zã sia
me.” Ale Yosua yɔ ame wuieve siwo wòtia tso Israel ƒe to ɖe sia ɖe me, eye
wògblɔ na wo be, “Miyi Yɔdan tɔsisi la titina, afi si nubablaɖaka la le; mia
dometɔ ɖe sia ɖe natsɔ kpe ɖeka ɖe abɔta tso afi ma. Kpeawo ƒe xexlẽme nanɔ
wuieve, ɖeka ɖe to wuieveawo dometɔ ɖe sia ɖe nu. Mitsɔ wo tu ŋkuɖodzikpe ale be
ne mia viwo abia mi gbe aɖe gbe be, ‘Nu kae ŋkuɖodzikpe sia le fiafiam mahã?’
la, miagblɔ na wo be, Yɔdan tɔsisi la dzudzɔ sisi le nubablaɖaka la ŋgɔ. Esi
wòtso Yɔdan tɔsisia la, tsi la ƒe sisi nu tso. Kpe siawo anye ŋkuɖodzikpe na
Israelviwo tegbetegbe.” Israelviwo wɔ abe ale si Yosua ɖo na wo ene pɛpɛpɛ. Wokɔ
kpe wuieveawo tso Yɔdan tɔsisi la titina, kpe ɖeka ɖe to ɖeka ɖe sia ɖe nu, abe
ale si Yehowa ɖo na Yosua ene tututu. Wokɔ kpeawo yi afi si woƒu asaɖa anyi ɖo
le zã ma me hewɔ ŋkuɖodzikpe aɖe ɖe afi ma. Yosua hã kɔ kpe wuieve tu
ŋkuɖodzikpe bubu ɖe Yɔdan tɔsisi la titina, le teƒe si nunɔlawo tsi tsitre ɖo.
Ŋkuɖodzikpe sia gali egbegbe. Nunɔla siwo kɔ nubablaɖaka la, tsi tsitre ɖe
tɔsisi la titina va se ɖe esime wowɔ ɖe ɖoɖo siwo katã Yehowa gblɔ na Yosua to
Mose dzi la dzi. Ameawo ɖe abla zɔ tɔʋu ƒuƒui la me. Esi ameawo katã tso tɔsisi
la la vɔ la, nunɔlawo kɔ nubablaɖaka la tso tɔʋu la me va wo gbɔ le godzi, eye
wodze ŋgɔ na wo. Ŋutsu siwo tso Ruben kple Gad ƒe towo me kple Manase ƒe to afã
me la bla akpa na aʋawɔwɔ, eye wodze ŋgɔ na Israelviwo abe ale si Mose ɖo na wo
ene. Aʋawɔlawo abe ŋutsu akpe blaene ene tso eme le Yehowa ŋkume yi gbedzi le
Yeriko lɔƒo. Gbe ma gbe nye ŋkeke gã aɖe na Yosua, elabena Yehowa de bubu gã aɖe
eŋu le Israelviwo katã ŋkume. Ale wobui, eye wovɔ̃e abe Mose ene le eƒe
agbemeŋkekewo katã me. Yehowa gblɔ na Yosua be wòaɖe gbe na nunɔla siwo kɔ
nubablaɖaka la be woado go le Yɔdan tɔsisi la me. Yosua wɔ ɖe Yehowa ƒe nya sia
dzi, eye esi nunɔlawo ɖo afɔ tɔsisi la ƒe go kemɛ dzi ko la, tɔsisi la gade asi
sisi me, eye wògagbagba ɖe eƒe gowo dzi abe tsã ene. Nukunu sia va eme le ɣleti
gbãtɔ ƒe ŋkeke ewolia dzi. Gbe ma gbe la, Israel dukɔ blibo la tso Yɔdan tɔsisi
la, eye woƒu asaɖa anyi ɖe Gilgal le Yeriko ƒe ɣedzeƒe lɔƒo. Wokɔ kpe wuieveawo
tso Yɔdan tɔsisi la me tu ŋkuɖodzikpe ɖe afi ma. Yosua gaɖe nu si ŋkuɖodzikpe la
le fiafiam la gɔme na Israelviwo hegblɔ be, “Ne mia viwo va bia mi gbe aɖe gbe
be nu ka ta kpe siawo le afi sia ɖo, eye nu ka fiam wole hã la, miagblɔ na wo be
kpe siawo le ŋku ɖom nukunu gã si dzɔ esime Israel dukɔ la zɔ ƒuƒuiƒe hetso
Yɔdan tɔsisi la dzi! Migblɔ ale si Yehowa, míaƒe Mawu la na tɔsisi la mie le mía
ŋkume, eye wòna wònɔ miemie nenema va se ɖe esime mí katã míetso tɔsisi la!
Nenema tututue Yehowa wɔ na mi esi mieva ɖo Ƒu Dzĩ la to ƒe blaene nye esi va
yi! Ewɔ esia ale be, xexemedukɔwo katã nanya be Yehowae nye Mawu, Ŋusẽkatãtɔ la,
ale be mí katã míavɔ̃e tegbee.”"
5,https://audio-bible-cdn.youversionapi.com/1184/32k/JOS/5-561691696009b047e5026884be9d1e16.mp3,"Esi Amoritɔwo, ame siwo nɔ Yɔdan tɔsisi la ƒe ɣedzeƒe lɔƒo kple Kanaantɔwo, ame
siwo nɔ Domeƒu la nu se be Yehowa na Yɔdan tɔsisi la mie, ale be Israelviwo te
ŋu zɔ ƒuƒuiƒe le tɔʋu la me hetso tɔsisia la, dzi ɖe le wo ƒo, eye vɔvɔ̃ ɖo wo
ŋutɔŋutɔ. Yehowa gblɔ na Yosua be, “Tsɔ kpe nàwɔ hɛwo, eye nàtso aʋa na Israel
ŋutsuwo katã.” Yosua wɔ ɖe Yehowa ƒe ɖoɖo la dzi, eye wòtso aʋa na Israel
ŋutsuwo katã le Aralɔt togbɛ la gbɔ. Azɔ la, susu si ta wòwɔe ɖo lae nye esi:
ame siwo katã do tso Egipte, ŋutsu siwo katã ate ŋu ayi aʋa la ku ɖe gbea dzi
esi wodo go tso Egipte. Wotso aʋa na ame siwo katã do go tso Egipte, ke wometsoe
na ame siwo katã wodzi le gbea dzi esi wodo go tso Egipte la o. Israel dukɔ la
tsa tsaglalã le gbedzi ƒe blaene sɔŋ va se ɖe esime ŋutsu siwo katã tsi, eye
woate ŋu ade aʋa esi wodzo le Egipte la ku. Womeɖo to Yehowa o, eya ta Yehowa ka
atam be yemana woade anyigba si ŋugbe yedo na Israel, “Anyigba si dzi notsi kple
anyitsi bɔ ɖo” la dzi o. Ale Yosua tso aʋa na wo viŋutsuwo, ame siwo tsi va xɔ
ɖe wo fofowo teƒe la azɔ. Esi wotso aʋa na ŋutsuawo vɔ la, dukɔ blibo la tɔ ɖe
asaɖa la me va se ɖe esime abiawo ku. Yehowa gblɔ na Yosua be, “Egbe la, miaƒe
kluvinyenye le Egipte ƒe ŋukpe la ɖe ɖa,” eya ta woyɔa teƒe ma va se ɖe egbe be
Gilgal, si gɔmee nye, “Ɖeɖeɖa.” Esime wonɔ asaɖa me le Gilgal le Yeriko gbedzi
la, woɖu Ŋutitotoŋkekenyui le ɣleti la ƒe ŋkeke wuienelia ƒe fiẽ. Gbe ma gbe ƒe
fɔŋlie nye ŋkeke gbãtɔ si dzi woɖu nukuwo tso Kanaanyigba la dzi; woɖu bli meme
kple amɔ maʋamaʋã. Esi ŋu ke la, mana megadza o, eye womegakpɔe kpɔ va se ɖe
egbe o! Eya ta tso gbe ma gbe dzi la, woɖua Kanaanyigba dzi nukuwo.  Esime Yosua
nɔ teƒe si te ɖe Yeriko ŋu, eye wòfɔ kɔ dzi ko la, ame aɖe si lé yi ɖe asi la do
ɖe eŋkume kpoyi! Yosua te ɖe eŋu, eye wòbiae be, “Mía dzie nèle loo alo míaƒe
futɔe nènye?” Ŋutsu la ɖo eŋu be, “Yehowa ƒe aʋakɔ ƒe Aʋafiae menye.” Yosua tsyɔ
mo anyi, de ta agu nɛ kple vɔvɔ̃, eye wògblɔ nɛ be, “Wò dɔlae menye; nu ka nèdi
be mawɔ?” Yehowa ƒe Aʋafia la gblɔ nɛ be, “Ɖe wò afɔkpa le afɔ, elabena teƒe
kɔkɔe aɖee nètsi tsitre ɖo!” Yosua wɔ nu si Aʋafia la ɖo nɛ, heɖe eƒe afɔkpa la
le afɔ."
6,https://audio-bible-cdn.youversionapi.com/1184/32k/JOS/6-09c1be898022b938eef08a7f4357d6c2.mp3,"Wotu Yeriko ƒe agbowo goŋgoŋgoŋ le vɔvɔ̃ na Israelviwo ta, eye womeɖe mɔ na ame
aɖeke be wòado go alo age ɖe eme o. Yehowa gblɔ na Yosua be, “Mieɖu Yerikotɔwo
kple woƒe fia kple woƒe aʋawɔla sesẽwo katã dzi xoxo, elabena metsɔ wo de asi na
mi! Nu si miawɔe nye, wò kple wò aʋawɔlawo katã miazɔ aƒo xlã Yeriko du la zi
ɖeka gbe sia gbe hena ŋkeke ade. Na nunɔla adre ɖe sia ɖe natsɔ lãdzokpẽwo ɖe
asi, eye woadze ŋgɔ na nubablaɖaka la. Le ŋkeke adrelia gbe la, wò kple wò
aʋawɔlawo katã miazɔ aƒo xlã du la zi adre le esime nunɔlaawo anɔ kpẽawo kum. Ne
nunɔlaawo ku kpẽawo zi ɖeka sesĩe ɣeyiɣi didi aɖe la, ameawo katã nado ɣli
sesĩe. Dua ƒe gliwo amu adze anyi ekema miato teƒe sia teƒe age ɖe dua me.”
Yosua, Nun ƒe vi, yɔ nunɔlaawo hegblɔ na wo be, “Mikɔ nubablaɖaka la; mia dometɔ
adre nakɔ woƒe kpẽwo, eye miadze Yehowa ƒe nubablaɖaka la ŋgɔ.” Ale wòɖe gbe na
ameawo be, “Mizɔ yi ŋgɔ! Mizɔ ƒo xlã du la. Ame siwo lé aʋawɔnuwo ɖe asi la
nedze ŋgɔ na Yehowa ƒe nubablaɖaka la.” Esi Yosua ƒo nu na ameawo vɔ la, nunɔla
adre siwo lé kpẽ adre ɖe asi le Yehowa ŋkume la zɔ ɖe ŋgɔgbe henɔ woƒe kpẽawo
kum, eye Yehowa ƒe nubablaɖaka la kplɔ wo ɖo. Ame siwo lé aʋawɔnuwo ɖe asi la
dze ŋgɔ na nunɔla siwo nɔ kpeawo kum, eye ame mamlɛawo dze nubablaɖaka la yome.
Kpẽawo nɔ ɖiɖim esi wonɔ nu siawo katã wɔm. Yosua ɖe gbe na ameawo be, “Migado
aʋaɣli o, migakɔ miaƒe gbewo dzi o, eye migagblɔ nya aɖeke o va se ɖe gbe si gbe
magblɔ na mi be mido ɣli, ekema miado ɣli!” Ale wòna wokɔ Yehowa ƒe aɖaka la ƒo
xlã du la zi ɖeka. Tete ameawo gbugbɔ yi asaɖa la me, eye wotsi afi ma dɔ. Yosua
fɔ ŋdi kanya, nunɔlaawo kɔ nubablaɖaka la, eye nunɔla adre siwo si kpẽawo le la,
dze ŋgɔ na Yehowa ƒe nubablaɖaka la, eye wonɔ kpẽawo kum. Aʋawɔla aɖewo dze ŋgɔ
na nunɔlaawo, eye mamlɛawo kplɔ nubablaɖaka la ɖo, le esime kpẽawo ganɔ ɖiɖim
ko. Ale wozɔ ƒo xlã du la zi ɖeka le ŋkeke evelia gbe, eye wogatrɔ yi asaɖa la
me. Wowɔ alea ŋkeke ade. Le ŋkeke adrelia ƒe fɔŋli la, wogadze mɔ, ke azɔ ya la,
womegaƒo xlã du la zi ɖeka ko o, ke boŋ woƒo xlãe zi adre. Esi woƒo xlã du la zi
adrelia la, nunɔlaawo ku kpẽawo sesĩe ɣeyiɣi didi aɖe. Yosua ɖe gbe na ameawo
be, “Ɣli neɖi! Yehowa tsɔ du sia na mí!” Yosua gblɔ na ameawo do ŋgɔ be, “Miwu
ame sia ame negbe Rahab, gbolo la kple ame sia ame si anɔ eƒe aƒe me la ko,
elabena exɔ na míaƒe ŋkutsalawo. Migaha naneke o, elabena ele be miatsrɔ̃ nu sia
nu gbidigbidi. Ne miewɔ alea o la, dzɔgbevɔ̃e ava Israel dukɔ blibo la dzi. Ke
woƒe klosalo kple sika katã kple nu siwo wowɔ kple akɔbli kple gayibɔ la, woakɔ
wo ŋu na Yehowa, eya ta mitsɔ wo va de Yehowa ƒe nudzraɖoƒe la me.” Esi ameawo
se kpẽawo ƒe ɖiɖi sesĩe la, wodo ɣli sesĩe abe ale si woate ŋui ene. Tete Yeriko
ƒe gliwo mu dze anyi, eye wokaka le wo ŋkume. Israelviwo ge ɖe du la me bibibi
to afi sia afi, eye woxɔ du la. Wotsrɔ̃ nu sia nu le dua me, ŋutsuwo kple
nyɔnuwo, ɖeviwo kple ame tsitsiwo, nyiwo, alẽwo kple tedziwo. Wotsrɔ̃ nu sia nu
keŋkeŋkeŋ. Yosua gblɔ na ŋkutsala eveawo be, “Miwɔ miaƒe ŋugbedodo dzi. Miyi
miaxɔ Rahab, gbolo la kple ame siwo katã le eƒe aƒe me la ɖe agbe.” Ŋkutsalawo
yi ɖatu Rahab, eye woxɔe ɖe agbe kpe ɖe fofoa, dadaa, nɔviawo kple ame siwo katã
nɔ egbɔ la ŋu. Wona ame siawo nɔ Israelviwo ƒe asaɖa la godo. Wotɔ dzo du la
kple nu siwo katã le eme la negbe klosalo kple sika kple nu siwo wowɔ kple
akɔbli kple gayibɔ ko wolɔ yi ɖada ɖe Yehowa ƒe nudzraɖoƒe. Ale Yosua na Rahab,
gbolo la kple eƒe ƒometɔ siwo nɔ egbɔ le eƒe aƒe me la tsi agbe, eye wotsi
Israelviwo dome va se ɖe egbe, elabena Rahab ɣla ŋkutsala eve siwo Yosua ɖo ɖe
Yeriko. Ɣe ma ɣi la, Yosua ka atam vevi sia be, “Ame si agbugbɔ Yeriko du sia
atso la, fiƒode sia ava edzi le Yehowa ŋkume. Atsɔ Via ŋutsu ŋgɔgbetɔ aɖo eƒe
gɔmeɖokpewoe, eye wòatsɔ via ɖevitɔ ƒe agbe atsɔ ade agbowo du la nu.” Ale
Yehowa nɔ kple Yosua, eye eƒe ŋkɔxɔxɔ kaka ɖe anyigba blibo la dzi."
7,https://audio-bible-cdn.youversionapi.com/1184/32k/JOS/7-946169860a2d718f0076cf9ef1b83689.mp3,"Ke Israelviwo wɔ nu vɔ̃ ɖe Yehowa ŋu. Woda le eƒe se si wòde na wo be woatsrɔ̃
nu sia nu negbe nu siwo woatsɔ ada ɖe Yehowa ƒe nudzraɖoƒe la ko dzi. Akan,
Karmi ƒe viŋutsu, si nye Zabdi ƒe tɔgbuiyɔvi, ame si ƒe tɔgbuigãe nye Zera tso
Yuda ƒe ƒomea me la tsɔ nu siwo woha la ƒe ɖewo na eɖokui. Nu sia na Yehowa do
dɔmedzoe ɖe Israel dukɔ blibo la ŋu. Esi woxɔ Yeriko teti ko la, Yosua ɖo ame
aɖewo ɖa be woatsa ŋku le Ai, si te ɖe Bet Aven le Betel ƒe ɣedzeƒe lɔƒo.
Ŋkutsalawo trɔ gbɔ va gblɔ na Yosua be, “Ai nye du sue aɖe ko, míaƒe aʋawɔla
akpe eve alo akpe etɔ̃ gɔ̃ hã ate ŋu axɔ du la bɔbɔe, eya ta mehiã be mí katã
míayi o.” Ale woɖo aʋawɔla abe akpe etɔ̃ ene ko ɖa. Ke woɖu Israelviwo dzi
bɔbɔe; wowu Israelvi abe ame blaetɔ̃ vɔ ade ene le aʋakpekpe la me, eye ame bubu
geɖewo ku esime futɔwo nya wo tso Ai va se ɖe kpegbãƒe la. Nyadzɔdzɔ sia de
vɔvɔ̃ lãme na Israelviwo ŋutɔŋutɔ. Yosua kple Israel ƒe ametsitsiwo dze woƒe
awuwo; wotsyɔ mo anyi ɖe Yehowa ƒe nubablaɖaka la ŋgɔ, eye wolɔ ke kɔ ɖe ta me
abe konyifafa ƒe dzesi ene va se ɖe fiẽ. Yosua do ɣli na Yehowa be, “Oo, Yehowa,
nu ka ta nèkplɔ mí va tso Yɔdan tɔsisi la be Amoritɔwo nawu mí? Nu ka ta míekpɔ
ŋudzedze le nu si nɔ mía si la ŋu o? Nu ka ta míetsi tɔsisi la ƒe akpa kemɛ o?
Oo, Yehowa, nu ka mawɔ azɔ esi Israel si le eƒe futɔwo nu? Ne Kanaantɔwo kple
dukɔ bubu siwo le nuto sia me ase nya sia la, woaɖe to ɖe mí, akpe aʋa kpli mí,
eye woatsrɔ̃ míaƒe ŋkɔ keŋkeŋ. Ekema nya kae adzɔ ɖe bubu kple ŋkɔ gã si le
asiwò la dzi?” Yehowa gblɔ na Yosua be, “Tsi tsitre! Nu ka ta nèmlɔ anyigba ale?
Israelviwo wɔ nu vɔ̃, wogbe nubabla si mewɔ kpli wo la dzi wɔwɔ. Wotsɔ nu siwo
meɖe gbe be woatsrɔ̃ la dometɔ aɖewo, wofi wo, da alakpa, eye wotsɔ wo ɣla ɖe
woƒe nuwo dome. Esia ta wole Israelviwo dzi ɖum ɖo, eya ta wò aʋawɔlawo le sisim
le woƒe futɔwo nu, elabena fiƒode le wo dzi. Nyemaganɔ mia dome azɔ o, negbe
ɖeko miaɖe busunu si le mia dome la ɖa hafi. “Tsi tsitre! Gblɔ na ameawo be,
‘Ele be mia dometɔ ɖe sia ɖe nawɔ nu vɔ̃ ɖeɖe ɖa ƒe kɔnu, adzra ɖo na etsɔ si
gbɔna, elabena Yehowa, Israel ƒe Mawu la gblɔ be ame aɖe fi fi, eya ta miate ŋu
aɖu miaƒe futɔwo dzi o va se ɖe esime miaɖe nu vɔ̃ sia ƒe busu ɖa le mia dome.
“ ‘Eya ta le ŋdi la, miava le ɖoɖo nu, to sia to nava, eye Yehowa afia asi to si
me fɔɖila sia tso. To ma ƒe hlɔ̃wo ava ɖekaɖeka ekema Yehowa aɖe hlɔ̃ si me
fɔɖila la le la afia, eye hlɔ̃ ma hã ƒe ƒomewo ava ɖekaɖeka. Le esia megbe la,
ƒome si me fɔɖila la le la me tɔwo ava ɖekaɖeka. Ekema woatɔ dzo ame si da le
sea dzi la ƒe nuwo kple nu sia nu si nye etɔ la, elabena eda le Yehowa ƒe
nubabla la dzi, eye wòhe dzɔgbevɔ̃e va Israel dukɔ la dzi.’ ”  Ale esi ŋu ke ŋdi
kanya la, Yosua kplɔ Israelviwo ƒe towo va Yehowa ŋkume, eye wòtɔ asi Yuda ƒe to
la dzi. Yosua kplɔ Yuda ƒe hlɔ̃wo vɛ ɖekaɖeka, eye wòtɔ asi Zera ƒe hlɔ̃ la dzi.
Wokplɔ ƒome siwo tso Zera ƒe hlɔ̃ me la va Yehowa ŋkume ɖekaɖekae, eye wòtɔ asi
Zabdi ƒe ƒome la dzi. Ale mlɔeba la, wokplɔ Zabdi ƒe ŋutsuwo vɛ ɖekaɖeka, eye
wokpɔ be fiafitɔ lae nye Akan, Karmi ƒe vi. Yosua gblɔ na Akan be, “Vinye, tsɔ
bubu na Yehowa, Israel ƒe Mawu la, eye nàʋu nu vɔ̃ me; gblɔ nu si nèwɔ la nam.”
Akan ɖo eŋu be, “Mewɔ nu vɔ̃ ɖe Yehowa, Israel ƒe Mawu la ŋu. Mekpɔ awu nyui aɖe
si woƒle tso Babilonia kple klosaloga home aɖe kpe ɖe sikakɔ aɖe ŋuti. Meɣla wo
ɖe to me le nye agbadɔ me; klosalo la le nuawo te.” Yosua ɖo ame aɖewo ɖa be
woaɖadi nu fifiawo. Woƒu du yi Axan ƒe agbadɔ me, eye wokpɔ nu fifiawo le to me,
klosalo la nɔ nu bubuawo te abe ale si Axan gblɔ ene. Wolɔ nuawo katã va da ɖe
anyigba le Yosua ƒe afɔ nu. Yosua kple Israelviwo katã kplɔ Akan, Zera ƒe vi,
wotsɔ klosalo la, awu la kple sikakɔ la, eye wokplɔ via ŋutsuwo, via nyɔnuwo,
eƒe nyiwo, tedziwo kple alẽwo, eye wokɔ eƒe agbadɔ kple nu sia nu si nɔ esi la
yi Axor balime. Yosua gblɔ na Axan le afi ma be, “Nu ka ta nèhe dzɔgbevɔ̃e va
mía dzi ɖo? Yehowa ahe dzɔgbevɔ̃e va wò hã dzi azɔ.” Ale Israelviwo ƒu kpe wo
woku, wotɔ dzo wo, eye wofɔ kpewo li kɔ ɖe wo dzi. Kpeawo gale afi ma va se ɖe
egbe. Wogayɔa teƒe la be “Dzɔgbevɔ̃e Ƒe Balime” va se ɖe egbe. Ale Yehowa ƒe
dɔmedzoe helĩhelĩ la nu tso."
8,https://audio-bible-cdn.youversionapi.com/1184/32k/JOS/8-fa01fe8e577d0fca493fe9d0fee7bf11.mp3,"Yehowa gblɔ na Yosua be, “Mègavɔ̃ o, eye dzi megaɖe le ƒowò o. Kplɔ aʋakɔ blibo
la yi Ai, elabena ɣeyiɣi la de na mi azɔ be miaɖu Ai dzi. Metsɔ Ai fia kple eƒe
ameawo katã de asi na mi. Miatsrɔ̃ wo abe ale si mietsrɔ̃ Yeriko kple woƒe fia
ene. Ke azɔ ya la, miate ŋu atsɔ woƒe nuwo kple woƒe nyi siwo mieha la woazu mia
tɔ. Na ameawo nade xa ɖe dua godo.” Ale Yosua dzra ɖo hena aʋahoho ɖe Ai ŋu kple
eƒe aʋawɔlawo katã. Etia eƒe asrafo nyuitɔwo akpe blaetɔ̃ ɖo ɖa le zã me; egblɔ
na wo do ŋgɔ be, “Mide xa ɖe dua ƒe akpa kemɛ, migade megbe tso dua ŋu fũu o,
eye minɔ ŋudzɔ na wo dzi dzedze.” Egagblɔ na wo be, “Ne míaƒe aʋakɔ blibo la ho
aʋa ɖe Aitɔwo ŋu la, Aitɔwo ado go ava kpe mí na aʋawɔwɔ abe ale si wowɔ zi
gbãtɔ ene. Ekema míade asi sisi me, eye woakplɔ mí ɖo va se ɖe esi woƒe
aʋawɔlawo katã ado go le dua me. Woagblɔ be, ‘Israelviwo gale sisim abe ale si
wowɔ zi gbãtɔ ene!’ Ekema miado tso afi si miede xa ɖo, age ɖe dua me, elabena
Yehowa miaƒe Mawu atsɔe na mí. Mitɔ dzo dua abe ale si Yehowa ɖo na mí ene.
Esiawoe nye nye ɖoɖowo na mi.” Ale wodze mɔ zã ma me yi ɖade xa ɖe Betel kple Ai
ƒe ɣetoɖoƒe gome, le esime Yosua kple aʋawɔla bubuawo tsi asaɖa la me le Yeriko.
Esi ŋu ke ŋdi kanya la, Yosua yɔ aʋawɔlawo, eye woawo kple Israel ƒe ametsitsiwo
ɖo ta Ai. Yosua kple aʋawɔla siwo nɔ eŋu la yi ɖe dua ƒe agbo gãtɔ gbɔ, woƒu
asaɖa anyi ɖe anyiehe lɔƒo, eye balime aɖe nɔ asaɖa la kple Ai du la dome. Eɣla
ame abe akpe atɔ̃ ene ɖe dua ƒe ɣetoɖoƒe lɔƒo, le Betel kple Ai dome. Woɖo
asrafoawo ɖe aʋawɔwɔ ŋu, ame geɖewo nɔ dua ƒe anyiehe lɔƒo, eye mamlɛawo nɔ dua
ƒe ɣetoɖoƒe lɔƒo. Yosua tsi balime la le zã ma me. Ai fia kpɔ Israelviwo ɖa le
balime la godo, eye wòkpe aʋa kpli wo le Araba gbedzi ŋdi kanya, ke menya be
futɔwo de xa ɖe dua godo o. Yosua kple eƒe Israelviwo si to gbegbe la abe ɖe
nugbe menyo na wo o ene. Ale Ai fia ɖe gbe na eƒe asrafo siwo katã nɔ dua me la
be woati Israelviwo yome. Ale dutaʋlilawo vɔ le dua me; asrafo aɖeke kura meganɔ
Ai alo Betel o. Gawu la, woʋu Ai ƒe agbowo da ɖi siãa. Yehowa gblɔ na Yosua be,
“Tsɔ wò akplɔ do ɖe Ai lɔƒo, elabena matsɔ du la ana wò.” Yosua wɔ nenema. Esi
xadelawo kpɔ Yosua ƒe dzesia ko la, wolũ ɖe dua dzi, ge ɖe eme eye wotɔ dzoe.
Aitɔwo ƒe aʋawɔlawo nye kɔ kpɔ megbe, kasia wokpɔ dzudzɔ la wòyi ɖatɔ keke
dziŋgɔli. Mɔ aɖeke meganɔ anyi na sisi o, elabena Israelviwo, ame siwo si ɖo ta
gbegbe la, trɔ hena aʋawɔwɔ kpli wo azɔ. Yosua kple Israelviwo katã kpɔ be
yewoƒe amewo xɔ dua, eye wotɔ dzoe, eya ta wotrɔ hede asi Aitɔwo wuwu me.
Israelvi siwo nɔ Ai dua me la do go tso dua me, eye wode asi Aitɔwo wuwu me tso
megbe. Ale Aitɔwo tsi Israelviwo dome, eye wowu wo katã, ame ɖeka pɛ gɔ̃ hã
metsi agbe alo si o, negbe Ai fia, ame si wolé kplɔ vɛ na Yosua. Esi Israelviwo
wu Aitɔ siwo nɔ dua godo vɔ la, wotrɔ yi dua me, eye wowu ame siwo katã ganɔ dua
me. Ale wowu ame akpe wuieve (12,000) siwo nye Aitɔwo katã la gbe ma gbe. Yosua
lé eƒe akplɔ do ɖe Ai du la gbɔ va se ɖe esime wowu Aitɔ mamlɛa. Aitɔwo ƒe lãwo
kple kesinɔnuwo ko wometsrɔ̃ o, elabena Israelviwo ƒe aʋawɔlawo tsɔ wo na wo
ɖokuiwo. Yehowa ŋutɔe gblɔe na Yosua be woate ŋu atsɔ wo. Ale Ai trɔ zu gli
gbagbã siwo woli kɔe ɖi va se ɖe egbe. Yosua de ka ve na Ai fia ɖe ati aɖe ŋu,
ke esi ɣe nɔ to ɖom la, eɖee tsɔ ƒu gbe ɖe dua ƒe agbo ŋgɔ. Wofɔ kpe gãwo li kɔ
ɖe edzi. Kpeawo gali va se ɖe egbe.  Le esia megbe la, Yosua tu vɔsamlekpui aɖe
na Yehowa, Israel ƒe Mawu la ɖe Ebal to la gbɔ abe ale si Mose, Yehowa ƒe dɔla
ɖo na Israelviwo be woawɔ ene. Etui abe ale si woŋlɔe ɖe Mose ƒe Segbalẽ la me
ene be, “Tsɔ kpe siwo womegbã alo kpa o la tu vɔsamlekpui nam.” Yehowa gblɔ nya
sia tso Ebal to la ŋuti. Nunɔlawo sa numevɔ kple ŋutifafavɔ na Yehowa le
vɔsamlekpui la dzi. Yosua ŋlɔ Mose ƒe Se Ewoawo dometɔ ɖe sia ɖe ɖe vɔsamlekpui
la ƒe kpeawo dzi le Israelviwo ŋkume. Azɔ la, Israelviwo katã, woƒe ametsitsiwo,
kplɔlawo, ʋɔnudrɔ̃lawo kple amedzro siwo nɔ wo dome la ma ɖe akpa eve me. Akpa
ɖeka tsi tsitre ɖe Gerizim to la te, eye akpa evelia hã nɔ Ebal to la te.
Nunɔlawo kɔ nubablaɖaka la nɔ akpa eveawo dome hena yayranyawo xexlẽ. Wowɔ esia
abe ale si Mose ɖo na wo gbe aɖe gbe ene. Yosua xlẽ yayranya kple fiƒodenya siwo
katã Mose ŋlɔ ɖe Yehowa ƒe Segbalẽ la me la na wo. Exlẽ se siwo katã Mose de na
wo kpɔ la hã na ameha blibo la, si me nyɔnuwo, ɖeviwo kple amedzro siwo nɔ
Israelviwo dome la hã nɔ."
9,https://audio-bible-cdn.youversionapi.com/1184/32k/JOS/9-398e6de40539137c5a48fef98a33474e.mp3,"Ale si Israelviwo ɖu dukɔwo dzi la va ɖo to me na fia aɖewo. Fia siawo ƒe
dukɔwoe nye esiwo nɔ Yɔdan tɔsisi la ƒe ɣetoɖoƒe, dukɔ siwo nɔ towo kple togbɛwo
dzi, esiwo nɔ Domeƒu la ŋu kple esiwo nɔ dzigbeme heyi keke Lebanon. Dukɔ siawoe
nye Hititɔwo, Amoritɔwo, Kanaantɔwo, Perizitɔwo, Hivitɔwo kple Yebusitɔwo. Dukɔ
siawo ƒe aʋakɔwo wɔ ɖeka enumake hena aʋawɔwɔ kple Yosua kple Israelviwo. Ke
Gibeontɔwo, ame siwo nye Hivitɔwo la se nu si Yosua wɔ Yeriko kple Ai. Eya ta
woɖo be yewoaflu Yosua. Wodo agba na woƒe tedziwo kple kotoku xoxowo kple
waingolo vuvuwo. Wodo awu vuvuwo kple afɔkpa siwo te vuvu wogbugbɔ tɔ, eye abolo
si wotsɔ ɖe asi hã ƒu hedze fufu. Esi wova ɖo Israelviwo ƒe asaɖa me le Gilgal
la, wogblɔ na Yosua kple Israelviwo be, “Míetso teƒe didi aɖe; míedi be míawɔ
ŋutifafa kpli mi.” Israelviwo gblɔ na Hivitɔ siawo be, “Aleke míawɔ hafi anya be
menye teƒe kpui aɖee mietso o? Ne mietso kpuiƒe la, míate ŋu awɔ ŋutifafa kpli
mi o.” Woɖo eŋu be, “Míazu miaƒe kluviwo.” Yosua bia be, “Ame kawoe mienye eye
afi ka mietso?” Woɖo eŋu na Yosua be, “Wò dɔlawo tso anyigba didi aɖe dzi. Míese
nu tso Yehowa, miaƒe Mawu la ƒe ŋusẽ kple nu siwo katã wòwɔ le Egipte kpakple nu
si wòwɔ Amoritɔwo ƒe fia eveawo, Sixɔn, Hesbon fia kple Ɔg, Basan fia si nɔ
Astarot ŋu, eya ta míaƒe ametsitsiwo kple míaƒe amewo gblɔ na mí be, ‘Midzra ɖo
na mɔ didi aɖe zɔzɔ. Miyi Israelviwo gbɔ, eye miatsɔ míaƒe dukɔ na wo, ale be
míazu woƒe subɔlawo, eye miabia ŋutifafa.’ Woɖe abolo sia dzodzoe tso abolokpo
me teti ko míedze mɔ, ke fifia la, abe ale si miawo ŋutɔ miakpɔe ene la, eƒu
hedze fufu. Waingolo siawo nye nu yeyewo, ke fifia la, wodo xoxo hevuvu. Míaƒe
awuwo kple afɔkpawo vuvu le mɔzɔzɔ la ƒe didi kple sesẽ ta.” Amedzroawo na
nuɖuɖu Israelviwo, eye woxɔe abe ɖekawɔwɔ ƒe dzesi ene le esime womebia Yehowa
gbã tso eŋu o. Yosua wɔ ŋutifafa ƒe nubabla kple Gibeontɔwo, eye wòna be woatsi
agbe. Israelviwo ƒe kplɔlawo do ŋugbe be yewoawɔ ɖe nubabla la dzi. Nyateƒe la
va dze go le ŋkeke etɔ̃ megbe be Gibeontɔwo ƒe nɔƒe te ɖe Israelviwo ŋu
kpokploe. Israelviwo ƒe aʋakɔ dze mɔ enumake be yeaku nya la gɔme, eye woɖo woƒe
duwo me le ŋkeke etɔ̃ pɛ ko megbe. Woƒe duwo ƒe ŋkɔwoe nye: Gibeon, Kefira,
Beerot kple Kiriat Yearim, Ke Israelviwo metsrɔ̃ duawo o le adzɔgbe si
Israelviwo ƒe kplɔlawo ɖe le Yehowa, Israel ƒe Mawu la ƒe ŋkɔ me la ta.
Israelviwo do dɔmedzoe ɖe woƒe kplɔlawo ŋu le ŋutifafa ƒe nubabla la ta.
Kplɔlawo ɖo eŋu be, “Míeka atam le Yehowa, Israel ƒe Mawu la ƒe ŋkɔ me be míawɔ
nuvevi wo o, eya ta míaka asi wo ŋu hã o. Ele be míana woanɔ agbe, elabena ne
mietu míaƒe atam la la, Yehowa ado dɔmedzoe ɖe mia ŋu.” Ale Gibeontɔwo zu
kluviwo na Israelviwo, wozu nakefɔlawo kple tsidulawo na wo. Yosua yɔ Gibeon ƒe
kplɔlawo, eye wòbia wo be, “Nu ka ta mieble mí be miaƒe anyigba le didiƒe, le
afi aɖe ke, le esime wònye ele kpuiƒe, afi sia ko le mía dome ɖo? Fifia la,
fiƒode ava mia dzi; tso egbe sia dzi la, miazu subɔlawo na mí. Ɣe sia ɣi miafɔ
nake, adu tsi na mí hena subɔsubɔdɔwo wɔwɔ na Mawu.” Gibeontɔwo ƒe kplɔlawo ɖo
eŋu be, “Míeble mi nenema, elabena míese be Yehowa ɖo na eƒe dɔla, Mose be wòaɖu
anyigba blibo la dzi, eye wòatsrɔ̃ ameawo katã le anyigba la dzi. Ale míevɔ̃ mi,
ɖe míaƒe agbe ta, eya ta míeble mi nenema ɖo. Ke azɔ la, míele miaƒe asi me,
miwɔ nu si dze mia ŋu la kpli mí.” Yosua meɖe mɔ na Israelviwo be woawu
Gibeontɔwo o, ke boŋ wozu nakefɔlawo kple tsidulawo na Israelviwo. Woawoe adu
tsi na Yehowa ƒe subɔsubɔdɔwɔwɔ le afi sia afi si woawɔ subɔsubɔdɔ le ko. Ɖoɖo
sia gale edzi kokoko va se ɖe egbe."
10,https://audio-bible-cdn.youversionapi.com/1184/32k/JOS/10-d1d5773d5fe51f8dcb6e28b7d5337eab.mp3,"Esi Adoni Zedek, Yerusalem fia se ale si Yosua xɔ Ai du, tsrɔ̃e gbidigbidi, eye
wòwu Ai fia kple ale si wòwɔ Ai fia kple Yeriko fia kpakple ale si Gibeontɔwo wɔ
nubabla kple Israelviwo, eye wozu Israel dzi nɔlawo la, vɔvɔ̃ gã aɖe ɖoe,
elabena Gibeon lolo abe fiadu ene, eye wòlolo sãa wu Ai, evɔ Gibeontɔwo nye
aʋawɔla sesẽwo, eya ta Adoni Zedek, Yerusalem fia ɖo du ɖe fia siawo: Hebron
fia, Hoham, Yarmut fia, Piran, Lakis fia, Yafia kple Eglon fia, Debir. Fia Adoni
Zedek gblɔ na wo be, “Miva kpe ɖe ŋunye míatsrɔ̃ Gibeontɔwo, elabena wowɔ
ŋutifafa kple Yosua kple Israelviwo.” Ale Amoritɔwo ƒe fia atɔ̃ siawo ƒo ƒu woƒe
aʋakɔwo katã ɖekae be yewoaho aʋa ɖe Gibeontɔwo ŋu. Gibeontɔwo ɖo ame ɖe Yosua
le Gilgal enumake be, “Miva kpe ɖe miaƒe subɔlawo ŋu! Miva kaba ne miava ɖe mí!
Amoritɔwo ƒe fiawo katã tso woƒe nɔƒewo le toawo dzi va le mía gbɔ kple woƒe
aʋakɔwo.” Yosua kple Israelviwo ƒe aʋakɔ la ho tso Gilgal, eye woyi be yewoaxɔ
na Gibeontɔwo. Yehowa gblɔ na Yosua be, “Mègavɔ̃ wo o, elabena mieɖu wo dzi
xoxo! Metsɔ wo na mi be miatsrɔ̃ wo, wo dometɔ ɖeka pɛ gɔ̃ hã mate ŋu anɔ te ɖe
mia nu o.” Yosua kple Israelviwo ƒe aʋakɔ la zɔ mɔ zã blibo la tso Gilgal, eye
woɖi ɖe futɔwo dzi kpoyi. Tete Yehowa na futɔwo vɔ̃ eye wotɔtɔ, ale Israelviwo
wu ame geɖewo le Gibeon, eye wonya ame mamlɛawo, nɔ wo wum le mɔa dzi yi keke
Bet Horon kple Azeka kple Makeda. Esi futɔwo nɔ sisim tso toawo dzi henɔ abu ɖim
la, Yehowa na kpewo ge tso dziƒo va dze wo dzi hetsrɔ̃ wo le mɔa dzi va se ɖe
keke Azeka ke. Ame siwo kpe siawo wu la sɔ gbɔ wu ame siwo Israelviwo wu kple
yi.  Esime Israelviwo nɔ Amoritɔwo nyam, nɔ wo wum la, Yosua do gbe ɖa na Yehowa
kple gbe sesẽ be, “Na ɣe natɔ ɖe Gibeon tame, eye nàna ɣleti hã natɔ ɖe Aiyalon
balime tame!” Eye ɣe kple ɣleti siaa megaʋã o va se ɖe esime Israelviwo ƒe aʋakɔ
la tsrɔ̃ eƒe futɔwo keŋkeŋ! Woŋlɔ nu geɖewo wu esia tso aʋa sia wɔwɔ ŋuti ɖe
Yasar ƒe Agbalẽ me. Ale ɣe tɔ ɖe dziƒo abe gaƒoƒo blaeve-vɔ-ene sɔŋ ene! Ŋkeke
sia tɔgbi meva yi kpɔ o, eye etɔgbi megava kpɔ o tso gbe ma gbe, esi Yehowa tɔ
ɣe kple ɣleti le ame ɖeka ƒe gbedodoɖa ta. Ke Yehowa nɔ aʋa wɔm na Israel. Le
esia megbe la, Israelviwo ƒe aʋakɔ la trɔ yi Gilgal.  Amoritɔwo ƒe fia atɔ̃awo
si le aʋa la me yi ɖaɣla wo ɖokuiwo ɖe agado aɖe me le Makeda. Esime wona nyanya
Yosua be wokpɔ fiawo la, eɖe gbe be woamli kpe gã aɖe axe agado la nu, eye woana
dzɔlawo nanɔ afi ma akpɔ egbɔ be fiawo tsi agado la me. Yosua ɖe gbe na aʋakɔ la
be, “Minɔ futɔwo nyanya dzi, eye miawu wo tso megbe; migana woade woƒe duwo me
o, elabena Yehowa miaƒe Mawu akpe ɖe mia ŋu miatsrɔ̃ wo keŋkeŋ.” Ale Yosua kple
Israelʋakɔ la yi futɔwo wuwu dzi. Wotsrɔ̃ aʋakɔ atɔ̃awo katã negbe ame ʋɛ aɖewo
koe te ŋu ɖo woƒe du siwo woɖo gli ƒo xlã la me. Le esia megbe la, Israelviwo
gbugbɔ yi woƒe asaɖa me le Makeda. Womewu aʋawɔla ɖeka pɛ gɔ̃ hã le wo dome o!
Tso esia dzi la, futɔ aɖeke megaho aʋa ɖe Israelviwo ŋu kpɔ o. Yosua ɖe gbe be
woaɖe kpe gã la ɖa le agado la nu, eye woakplɔ fia atɔ̃awo vɛ. Ale woʋu agado
la, eye wokplɔ Yerusalem, Hebron, Yarmut, Lakis kple Eglon fiawo vɛ. Esi wokplɔ
fia atɔ̃ siawo va Yosua gbɔ la, eyɔ Israel ŋutsuwo katã eye wòɖe gbe na eƒe
aʋakplɔlawo, ame siwo de aʋa kplii be, “Mite va eye miaɖo afɔ ve dzi na fia
siawo!” Tete wote va eye woɖo afɔ ve dzi na fia atɔ̃awo. Yosua gblɔ na
Israelviwo be, “Migavɔ̃ gbeɖegbeɖe o. Ŋusẽ nenɔ mia ŋu, eye mialé dzi ɖe ƒo,
elabena Yehowa awɔ miaƒe futɔwo katã alea.” Tete Yosua tsɔ eƒe yi wu fia
atɔ̃awo, eye wòde ka wo ɖe ati atɔ̃ ŋu va se ɖe fiẽ. Esime ɣe nɔ to ɖom la,
Yosua na woɖe wo le atiawo ŋu, wotsɔ wo ƒu gbe ɖe agado si me wosi yi ɖaɣla wo
ɖokuiwo ɖo la me, eye woli kɔ kpe gãwo ɖe agado la nu. Kpe siawo gale afi ma va
se ɖe egbe. Gbe ma gbe ke la, Yosua tsrɔ̃ Makeda du la, eye wòwu fia la kple ame
sia ame si nɔ dua me; womena ame ɖeka pɛ gɔ̃ hã tsi agbe le du blibo la me o.
Tso afi sia la, Israelviwo yi Libna. Yehowa tsɔ du la kple fia la de asi na
Israel le afi sia hã; wowu ame sia ame le dua me abe ale si wowɔ le Yeriko ene.
Israelviwo tso Libna, eye woyi ɖadze Lakis du la hã dzi. Yehowa tsɔ du sia hã na
Israel le ŋkeke evelia dzi. Wowu ame sia ame le afi sia hã abe ale si wowɔ le
Libna ene. Esime Israelviwo nɔ aʋa wɔm le Lakis la, Gezer fia Horan va do kple
eƒe aʋakɔ be yeaʋli Lakis du la ta. Ke Yosua ƒe amewo wui, eye wotsrɔ̃ eƒe aʋakɔ
blibo la. Yosua kple Israel katã dzo le Lakis heyi Eglon. Woɖe to ɖe du sia, eye
woho aʋa ɖe eŋu. Woxɔ du sia hã gbe ma gbe ke, eye wowu ame sia ame abe ale si
wowu Lakistɔwo katã ene. Esi wodzo le Eglon la, woyi Hebron. Woxɔ du sia kple du
sue siwo ƒo xlãe, eye wowu ameawo katã kple woƒe fia; womena ame ɖeka pɛ gɔ̃ hã
tsi agbe o. Wotrɔ azɔ yi Debir. Woɖu Debirtɔwo dzi enumake, wu ame sia ame abe
ale si wowɔ le Libna ene. Ale Yosua kple eƒe aʋakɔ la woɖu anyigba blibo la dzi;
woɖu dukɔ siwo nɔ toawo dzi, esiwo nɔ anyigba sɔsɔe dzi kple esiwo nɔ toawo ŋu
la dzi. Wowu ame sia ame le anyigba la dzi, abe ale si Yehowa, Israel ƒe Mawu la
ɖo na wo be woawɔ ene. Wowu wo tso Kades Barnea yi Gaza, tso Gosen yi Gibeon.
Wowɔ nu siawo katã le aʋadzedze ɖeka pɛ ko me, elabena Yehowa, Israel ƒe Mawu la
nɔ aʋa wɔm na wo. Le dziɖuɖu siawo megbe la, Yosua kple Israel blibo la trɔ yi
asaɖa la me le Gilgal."
11,https://audio-bible-cdn.youversionapi.com/1184/32k/JOS/11-b17237e79b00fc667f364349f2c1fabf.mp3,"Esi Yabin, Hazor fia se ale si Israelviwo nɔ dukɔwo dzi ɖum la, eɖo du ɖe Yobab,
Madɔn fia kple Simron fia kple Aksaf fia, kple fia siwo nɔ tonyigba la dzi le
dziehe le Araba, le Kineret kple esiwo nɔ Yɔdan tɔsisi la ƒe balime le Galilea
ƒu la ƒe dziehe kple fia siwo nɔ ɣetoɖoƒetogbɛwo dzi le ƒuta, te ɖe Nafɔt Dor
ŋu. Eɖo du ɖe Kanaan fia siwo nɔ Yɔdan tɔsisi la ƒe akpa eveawo dzi, Amoritɔwo,
Hititɔwo, Perizitɔwo kple Yebusitɔwo le tonyigba la dzi kple Hivitɔwo, ame siwo
nɔ Hermon to la dzi le Mizpanyigba dzi. Dukɔ siawo katã kplɔ woƒe aʋakɔwo vɛ,
eye woƒo ƒu zu aʋakɔ gã ɖeka ɖe Israel ŋu. Aʋakɔ gã sia kple woƒe sɔwo kple
tasiaɖamwo sɔ gbɔ abe ƒutake ene. Woƒu asaɖa anyi ɖe Merɔn tsi dzidzi la gbɔ.
Yehowa gblɔ na Yosua be, “Mègavɔ̃ aʋakɔ gã sia o, elabena etsɔ hafi ɣelawoɣi
naɖo la, wo katã woazu nu kukuwo le Israel ŋgɔ! Gbã la, tu woƒe sɔwo ƒe atawo,
eye nàtɔ dzo woƒe tasiaɖamwo!” Yosua kple eƒe amewo va dze futɔwo dzi le vo me
le Merɔn tsi dzidzi la gbɔ. Yehowa tsɔ aʋakɔ gã ma de asi na Israelviwo, eye
wonya wo va se ɖe keke Sidon du gã la me kple Misrefat Maim heyi Mizpa balime le
ɣetoɖoƒe lɔƒo. Futɔwo dometɔ aɖeke metsi agbe o. Yosua kple eƒe amewo tu ata na
futɔwo ƒe sɔwo, eye wotɔ dzo woƒe tasiaɖamwo abe ale si Yehowa ɖo na wo ene. Esi
wotrɔ gbɔna la, Yosua xɔ Hazor du, si nye fiadu na dukɔ ƒoƒu mawo katã, eye wòwu
eƒe fia. Wowu ame sia ame le Hazor du la me, eye wotɔ dzo du la. Yosua dze fia
mamlɛawo ƒe du bubuawo dzi. Wowu ameawo katã abe ale si Mose gblɔe da ɖi xoxo la
ene. Ke Yosua metɔ dzo du siwo nɔ togbɛwo dzi la ya o, negbe Hazor ko.
Israelviwo ha du siwo wotsrɔ̃ la ƒe nuwo kple lãwo na wo ɖokuiwo, ke wowu
amegbetɔwo katã, elabena nenemae Yehowa ɖo na eƒe dɔla, Mose, eya hã gblɔ ɖoɖo
ma na Yosua, eye eya hã wɔ nu si wogblɔ nɛ. Yosua wɔ se siwo katã Yehowa de na
Mose la dzi. Ale Yosua ɖu anyigba blibo la dzi. Exɔ Negeb kple Gosenyigba kple
Araba kple Israel ƒe tonyigbawo kple sɔsɔeƒewo. Ale Israelviwo ƒe anyigba keke
azɔ tso keke Halak to la gbɔ te ɖe Seir ŋu yi Baal Gad le Lebanon ƒe balime le
Hermon to la te. Yosua wu teƒe mawo ƒe fiawo katã. Yosua tsɔ ƒe adre wɔ nu siawo
katã. Israelviwo mewɔ ŋutifafa kple du aɖeke me tɔwo o, negbe Hivitɔ siwo nɔ
Gibeon ko. Wowu ame bubuawo katã, elabena Yehowa ɖo be dukɔ mawo nadi be yewoawɔ
aʋa boŋ kple Israelviwo ɖe ŋutifafawɔwɔ teƒe. Eya ta wotsrɔ̃ wo
nublanuimakpɔmakpɔtɔe abe ale si Yehowa ɖo na Mose ene. Le ɣeyiɣi sia me la,
Yosua tsrɔ̃ ame dzɔatsu siwo nye Anak ƒe dzidzimeviwo, ame siwo nɔ tonyigbawo
dzi le Hebron, Debir, Anab, Yuda kple Israel. Ewu wo katã keŋkeŋ, eye wòtsrɔ̃
woƒe duwo gbidigbidi. Wo dometɔ aɖeke megasusɔ ɖe Israelnyigba dzi o, ke ɖewo
ganɔ Gaza, Gat kple Asdod. Ale Yosua xɔ anyigba blibo la abe ale si Yehowa ɖo na
Mose ene. Etsɔe na Israelviwo abe woƒe domenyinu ene, eye wòmae ɖe toawo dome.
Ale aʋawɔwɔ nu tso le anyigba la dzi."
12,https://audio-bible-cdn.youversionapi.com/1184/32k/JOS/12-079f427cca7516e7bc454a12f4923793.mp3,"Fia siwo dzi Israelviwo ɖu le Yɔdan tɔsisi la ƒe ɣedzeƒe lɔƒo, ame siwo ƒe duwo
wogbã tso keke Arnon tɔsisi la ƒe balime va yi Hermon to la gbɔ kple du siwo le
gbegbe siwo le ɣedzeƒe la woe nye esiawo:  Amoritɔwo ƒe fia Sixɔn, ame si nɔ
Hesbon la ƒe fiaɖuƒe keke tso Aroer le Arnon balime gbɔ kple tso Arnon tɔsisi la
ƒe balime ƒe titina yi ɖatɔ Yabok tɔsisi la si nye Amonitɔwo ƒe liƒo dzi.
Gileadnyigba si le Yabok tɔsisi la ƒe dzigbeme egbe la ƒe afã nɔ Sixɔn ƒe
anyigba me. Anyigba si tso Araba yi Galilea ƒu la ƒe ɣetoɖoƒeliƒo dzi heyi
anyigbeme ɖatɔ Araba ƒu si nye (Dzeƒu la) heɖo ta Bet Yesimot, va se ɖe Pisga
towo ƒe dziehe ŋu la hã nɔ Fia Sixɔn te. Woɖu Ɔg, Basan fia, ame si nye Refaim
ƒe dzidzimeviwo ƒe mamlɛtɔ nɔ Astarot kple Edrei hã dzi. Eɖu anyigba si tso
Hermon to la gbɔ le dzigbeme yi Saleka le Basan to la gbɔ le ɣedzeƒe va yi ɖatɔ
Gesur kple Maka fiaɖuƒewo ƒe liƒowo dzi le ɣetoɖoƒe lɔƒo la dzi. Ɔg ƒe fiaɖuƒe
yi anyigbeme lɔƒo kple Gileadnyigba ƒe afã le dzigbeme gome, ɖatɔ Fia Sixɔn, fia
si nɔ Hesbon la ƒe anyigba.  Mose kple Israelviwo tsrɔ̃ ame siawo xoxo, eye Mose
tsɔ anyigba la na Ruben ƒe viwo kple Manase ƒe viwo ƒe afã.  Fia siwo ƒe anyigba
Yosua kple Israelviwo xɔ le Yɔdan tɔsisi la ƒe ɣetoɖoƒe la ƒe ŋkɔwoe nye esiwo
gbɔna. Anyigba la tso Baal Gad le Lebanon ƒe balime yi Balak to la gbɔ le Seir
to la ƒe ɣetoɖoƒe. Yosua tsɔ anyigba sia na Israelviwo ƒe to bubuawo me tɔwo.
Teƒe siwo le toawo dzi, togbɛ ɣedzeƒetɔwo dzi, Yɔdan ƒe balime kple eƒe togbɛwo
dzi, ɣedzeƒetowo kɔgo kple Negebnyigba la katã le anyigba sia me. Hititɔwo,
Amoritɔwo, Kanaantɔwo, Perizitɔwo, Hivitɔwo kple Yebusitɔwo nɔ anyigba sia dzi
tsã.  Israelviwo ɖu du siawo ƒe fiawo dzi:  Yeriko fia ɖeka, Ai, si te ɖe Betel
ŋu fia ɖeka, Yerusalem fia ɖeka, Hebron fia ɖeka, Yarmut fia ɖeka, Lakis fia
ɖeka, Eglon fia ɖeka, Gezer fia ɖeka, Debir fia ɖeka, Geder fia ɖeka, Horma fia
ɖeka, Arad fia ɖeka, Libna fia ɖeka, Adulam fia ɖeka, Makeda fia ɖeka, Betel fia
ɖeka, Tapua fia ɖeka, Hefer fia ɖeka, Afek fia ɖeka, Lasarɔn fia ɖeka, Madɔn fia
ɖeka, Hazor fia ɖeka, Simrɔn Merɔn fia ɖeka, Aksaf fia ɖeka, Taanak fia ɖeka,
Megido fia ɖeka, Kedes fia ɖeka, Yokneam le Karmel fia ɖeka, Nafɔt Dor le ƒuta
fia ɖeka. Goim le Gilgal fia ɖeka kple Tirza fia ɖeka.  Ale wotsrɔ̃ fia
blaetɔ̃-vɔ-ɖekɛ kple woƒe duwo."
13,https://audio-bible-cdn.youversionapi.com/1184/32k/JOS/13-9380b4dd531423ea5b3f08f5db3c895b.mp3,"Yosua tsi heku amegã azɔ, eye Yehowa gblɔ nɛ be, “Fifia, èzu amegãɖeɖi, evɔ dukɔ
geɖewo gali siwo dzi wòle be miaɖu.  “Anyigba siwo kpɔtɔ la woe nye:  “Filisti
kple Gesur dukɔwo ƒe anyigba si tso Sixor tɔsisi la gbɔ le Egipte ƒe liƒo dzi
heyi anyiehe ke, elabena wobu anyigba si va tɔ Ekron ƒe liƒo la abe Kanaantɔwo
ƒe anyigba ene. Filistitɔwo ƒe fiawo nɔ Gaza, Asdod, Askelon, Gat kple Ekron;
hekpe ɖe Avitɔwo ŋu le dziehe; Kanaantɔwo ƒe anyigba la katã gali kpe ɖe Ara, si
nye Sidontɔwo tɔ heyi keke Afek le Amoritɔwo ƒe liƒo dzi ŋu. Gebalitɔwo ƒe
anyigba kple Lebanonyigba blibo la ɖo ta ɣedzeƒe, tso Baal Gad, si le Hermon to
la ƒe anyigbeme heyi Hamat mɔ la nu.  “Sidontɔwo, ame siwo le tonyigba la dzi le
Lebanon towo kple Misrefat Maim dome la ƒe anyigba hã le eme. Mele klalo be
manya dukɔ siawo katã ɖa le Israel dukɔ la ŋgɔ, eya ta bu anyigba siawo katã abe
mia tɔwo ene, eye nàmae na Israel ƒe to asiekɛawo kple Manase ƒe to afã la abe
ale si meɖo na wò ene.”  Manase ƒe to la ƒe afã kple Ruben ƒe viwo kple Gad ƒe
viwo xɔ woƒe domenyinu le Yɔdan tɔsisi la ƒe ɣedzeƒe xoxo, elabena Mose tsɔ
anyigba sia na wo. Woƒe anyigba la nye teƒe si tso Areor, le Arnon tɔsisi la ƒe
balime ƒe toga kple du siwo le balime la, to Medeba ƒe togbɛnyigba dzi yi Dibon.
Sixɔn, Amoritɔwo ƒe fia, ame si ƒe fiadu nye Hesbon la ƒe duwo hã nɔ anyigba la
me, eye wòtso eme yi keke Amon ƒe liƒowo dzi. Gilead kple anyigba si nye
Gesuritɔwo kple Makatitɔwo tɔ kple Hermon to la, Basan to la kple Saleka du la
kple Ɔg, Basan fia, ame si ɖu fia le Astarot kple Edrei la ƒe anyigba. Eyae nye
Refaimtɔ mamlɛtɔ, elabena Mose ho aʋa ɖe wo ŋu, eye wònya wo ɖa le anyigba la
dzi. Ke Israelviwo menya Gesuritɔwo alo Makatitɔwo o, eya ta wogale Israelviwo
dome va se ɖe egbe.  Ale si woma anyigba na Israel ƒe to vovovoawo la yi ale:
Levitɔwo: Mose mena anyigba aɖeke Levitɔwo o, ke boŋ etsɔ vɔsanu siwo ameawo
atsɔ vɛ na Yehowa, Israel ƒe Mawu la na wo.  Ruben ƒe to: Mose na anyigba Ruben
ƒe to la ɖe ƒome siwo le to la me la ƒe agbɔsɔsɔ nu. Ruben ƒe viwo ƒe anyigba
tso Aroer le Arnon tɔsisi la ƒe balime ƒe toga, dze le Arnon du si le balime la
ƒe titina la ŋu va dze le Medeba ƒe togbɛwo ŋu. Du siwo nɔ afi ma la woe nye
Hesbon kple du bubu siwo le gbadzaƒe: Dibon, Bamɔt Baal, Bet Baal Meon, Yaza,
Kedemot, Mefaat, Kiriataim, Sibma, Zeret Sabar si le to aɖe dzi le balime la
tame, Bet Peor, Bet Yesimot kple Pisga to la kɔgo. Du siwo nɔ togbɛwo dzi kple
Fia Sixɔn ƒe fiaɖuƒe me la hã nɔ Ruben ƒe viwo ƒe anyigba dzi. Sixɔn nye
Amoritɔwo ƒe fia si nɔ Hesbon. Mose wu Fia Sixɔn kple Midian fia bubu siawo:
Evi, Rekem, Zur, Hur kple Reba. Israelviwo hã wu afakala Balaam si nye Beor ƒe
vi la hã. Yɔdan tɔsisi lae nye Ruben ƒe viwo ƒe anyigba la ƒe liƒo le ɣedzeƒe
lɔƒo.  Gad ƒe to: Mose na anyigba Gad ƒe viwo ƒe to la ɖe ƒome siwo le to la me
ƒe agbɔsɔsɔ nu. Yazer kple Gilead ƒe duwo katã kple Amonyigba ƒe afã heyi Aroer
le Raba gbɔ nɔ Gad ƒe viwo ƒe anyigba la me. Anyigba la gatso Hesbon yi Ramat
Mizpa kple Betonim, eye wògatso Mahanaim yi Lo Debir. Teƒe siwo le anyigba sia
me le Yɔdan tɔsisi la ƒe balime la woe nye: Bet Haram, Bet Nimra, Sukɔt, Zafɔn
kple Fia Sixɔn, ame si nɔ Hesbon la ƒe anyigba mamlɛa. Anyigba la ƒe liƒo le
ɣetoɖoƒe lae nye, Yɔdan tɔsisi la yi anyigbeme va ɖo keke Galilea ƒu la ƒe
dzigbeme. Esiawoe nye du siwo wotsɔ na ƒome siwo le Gad ƒe to la me abe woƒe
domenyinu ene.  Mose na anyigba Manase viwo ƒe to la ƒe afã le woƒe ƒomewo nu.
Ena anyigba wo tso Mahanaim. Basan blibo si nye Fia Ɔg ƒe fiaɖuƒe kple Yair kple
Basan ƒe du blaade nɔ to sia ƒe anyigba me. Wotsɔ Gilead ƒe afã, Astarot kple
Edrei (du siwo le Ɔg, Basan fia ƒe fiaɖuƒe me), na Makir, Manase ƒe viwo ƒe to
la ƒe afã. Esiawoe nye anyigba siwo wotsɔ na Manase ƒe vi Makir ƒe to la ƒe afã
le woƒe ƒome nu.  Aleae Mose ma anyigba si le Yɔdan tɔsisi la ƒe ɣedzeƒe, afi si
ameawo ƒu asaɖa anyi ɖo ɣe ma ɣi le Yeriko gbɔ. Mose mena anyigba aɖeke Levitɔwo
o, elabena abe ale si wòɖe eme na woe ene la, Yehowa Mawu lae nye woƒe
domenyinu, Yehowa koe nye nu si wohiã. Yehowa ŋutɔ akpɔ wo ta abe ale si dze
ene."
14,https://audio-bible-cdn.youversionapi.com/1184/32k/JOS/14-d9a787111fb780c87c948396c46646ca.mp3,"Esiae nye ale si woma Kanaanyigba si le Yɔdan tɔsisi la ƒe ɣetoɖoƒe la na
Israelviwoe. Nunɔla Eleazar kple Yosua, Nun ƒe vi kple Israel ƒe towo ƒe ƒomewo
ƒe kplɔlawo ma anyigba la na ameawo. Abe ale si Yehowa ɖo na Mose ene la, woda
akɔ hena anyigba si le Yɔdan tɔsisi la ƒe ɣetoɖoƒe la mama ɖe Israel ƒe to
asiekɛ kple afã mamlɛawo dome. Mose tsɔ to eve kple afã ƒe domenyinu na wo le
Yɔdan tɔsisi la ƒe ɣedzeƒe, ke mena domenyinu aɖeke Levitɔwo ɖe ame bubuawo dome
o, elabena Yosef ƒe viwo va zu to eve, siwo nye Manase kple Efraim. Womema
anyigba na Levitɔwo o, ke boŋ du siwo me woanɔ kple lãnyiƒewo ko wona wo. Ale
wowɔ se si Yehowa de na Mose la dzi pɛpɛpɛ le anyigba la mama me.  Kaleb nɔ ŋgɔ
na ame dɔdɔ aɖewo tso Yuda ƒe to la me, eye wova Yosua gbɔ le Gilgal. Kaleb
Kenizitɔ gblɔ na Yosua be, “Èɖo ŋku nya si Yehowa gblɔ na Mose tso nye kple wò
ŋu esime míenɔ Kades Barnea la dzia? Mexɔ ƒe blaene ɣe ma ɣi. Mose dɔ mí tso
Kades Barnea be míatsa ŋku le Kanaanyigba la dzi. Esi míegbɔ la, megblɔ nu si
mekpɔ tututu la nɛ, ke nɔvinye ŋkutsala bubuawo ya do vɔvɔ̃ na ameawo, eye woɖe
dzi le wo ƒo dzodzro le Ŋugbedodonyigba la dzi yiyi ŋu. Zi ale si menɔ Yehowa,
nye Mawu, yome ta la, Mose gblɔ nam be, ‘Kanaanyigba la ƒe akpa si dzi miele la,
azu wò kple wò dzidzimeviwo tɔ tegbetegbe.’ “Abe ale si wò ŋutɔ nènya ene la,
Yehowa lé agbe ɖe te nam, eye wòna lãmesesẽm tso ɣe ma ɣi va se ɖe fifia, le ƒe
blaene-vɔ-atɔ̃ siawo me, tso esime míetsa tsaglalã le gbedzi. Egbe la, mexɔ ƒe
blaenyi-vɔ-atɔ̃, gake ŋusẽ le ŋunye fifia abe ale si menɔ esime Mose ɖo mí ɖe
ŋkutsaƒe ene. Magate ŋu azɔ mɔ, awɔ aʋa fifia abe ɣe ma ɣi ene, eya ta mele bia
wòm be nàtsɔ tonyigba si ŋugbe Yehowa do nam la nam. Èɖo ŋku edzi be le míaƒe
ŋkutsatsa me la, míekpɔ Anakviwo wonɔ du gã siwo woɖo gli ƒo xlãe la me. Ke ne
Yehowa li kplim la, manya wo ɖa le anyigba la dzi.” Yosua yra Kaleb, Yefune vi,
eye wòtsɔ Hebron du la nɛ abe eƒe domenyinu ene. Hebron ganye Kaleb, si nye
Yefune, ame si hã nye Kenizitɔ la ƒe vi ƒe dzidzimeviwo tɔ va se ɖe egbe,
elabena Kaleb ɖo to Yehowa, Israel ƒe Mawu la. Wotsɔ Anakitɔwo ƒe ame xɔŋkɔ aɖe
ƒe ŋkɔ na Hebron, eya ta woyɔnɛ tsã be, Kiriat Arba. Tso esime Israelviwo xɔ
anyigba la, eye wonɔ edzi ko la, afi ma tɔwo megaho aʋa ɖe wo ŋu kpɔ o."
15,https://audio-bible-cdn.youversionapi.com/1184/32k/JOS/15-e4a04df59c2c8232332df2a378a7a69a.mp3,"Anyigba si wotsɔ na Yuda ƒe viwo la ƒe anyigbemeliƒo dze egɔme tso Edom ƒe
dzigbemeliƒo dzi, tso Zin gbegbe la, eye wòtɔ Negeb ƒe dzieheliƒo.  Dzieheliƒo
sia tso Dzeƒu alo Ƒukuku la to le anyigbeme ɖo ta dziehe tso Akrabim to dzi mɔ
la gbɔ heyi Zin. Eɖo ta dziehe to Kades Barnea, to Hezron heyi Adar, trɔ ɖo ta
Karka, eye wòyi Azmon. Eto tɔʋu si le Egipte ƒe liƒo dzi la ŋu heyi ɖatɔ Domeƒu
la. Esia nye Yuda ƒe anyigbemeliƒo. Ɣedzeƒeliƒo la tso Dzeƒu la ŋu yi Yɔdan
tɔsisi la nu. Anyigbemeliƒo la dze egɔme tso afi si Yɔdan tɔsisi la de nu Dzeƒu
la me le, hetso eme yi Bet Hogla, Bet Araba ƒe anyiehe yi Bohan, Ruben ƒe vi ƒe
kpe la gbɔ. Tso afi ma la, liƒo la to Akɔr ƒe balime yi Debir, eye wòtrɔ yi
anyiehe kple ɣetoɖoƒe dome ɖo ta Gilgal le Adumim towo ƒe akpa kemɛ dzi, le
balime la ƒe dziehe lɔƒo. Egayi En Semes ƒe tsi dzidziwo gbɔ heyi En Rogel. Liƒo
la to Ben Hinom ƒe Balime azɔ, to Yebus, afi si wotso Yerusalem ɖo ƒe dziehe
lɔƒo, to ɣetoɖoƒe yi toawo dzi le Ben Hinom ƒe Balime tame heyi ɖase ɖe Refaim
ƒe balime ƒe seƒe le dzigbeme. Egatso to la tame heyi Nef to la ƒe tsi dzidziwo
gbɔ heyi du siwo le Efrɔn to dzi la gbɔ hafi trɔ ɖo ta dzigbeme, ƒo xlã Baala
(si wogayɔna be Kiriat Yearim) ɖo ta Edom ƒe to Seir gbɔ, yi Yearim to alo
Kesalon ƒe dzigbeme, yi Bet Semes heto Timna ŋu. Liƒo la yi togbɛ siwo le Ekron
ƒe dzigbeme la gbɔ, trɔ ɖo ta Sikeron to, Baala to la ŋu, yi Yabneel hewu nu ɖe
Domeƒu la to. Ke ɣetoɖoƒeliƒo enye ƒu gã la kple eŋu nyigbawo.  Esia nye
Yudaviwo ƒe liƒo godoo va kpe le woƒe ƒomeawo nu.  Yehowa gblɔ na Yosua be
wòatsɔ Yuda ƒe anyigba ƒe akpa aɖe na Kaleb, Yefune ƒe vi la. Ale wotsɔ Arba du
si wogayɔna be Hebron, du si wotsɔ Anak fofo ƒe ŋkɔ na la na Kaleb. Esia ta
Kaleb nya Anak ƒe vi etɔ̃awo, Talmai, Sesai kple Ahiman ƒe dzidzimeviwo le
anyigba la dzi, eye wòwɔ aʋa kple ame siwo nɔ Debir, du si woyɔna tsã be Kiriat
Sefer la me. Kaleb gblɔ be yeatsɔ ye vinyɔnu Aksa na ŋutsu si awɔ aʋa aɖu Kiriat
Sefer dua dzi. Otniel, Kenaz ƒe vi, ame si nye Kaleb ƒe tɔɖiyɔvi la, ɖu dua dzi,
ale Kaleb tsɔ via nyɔnu Aksa na Otniel wozu srɔ̃a. Esi Otniel kple Ahsa dze mɔ
yina woƒe nɔƒe la, Ahsa gblɔ na Otniel be yeabia anyigba ye fofo kpe ɖe esi wòna
ye xoxo la ŋu. Ale wòɖi le eƒe tedzi dzi be yeaƒo nu kple ye fofo, Kaleb, tso
eŋuti. Kaleb biae be, “Nu kae hiã wò?” Axsa ɖo eŋu be, “Na nu bubu aɖem, elabena
anyigba si nènam la nye gbegbe sɔŋ! Na teƒe si tsi le lam.” Ale Kaleb tsɔ
tsivudo si le to dzi kple balime la nɛ.  Esiae nye anyigba si wona Yuda ƒe viwo.
Woƒe du siwo nɔ Edom le Negeb ƒe liƒowo dzi woe nye: Kabzeel, Eder, Yagur, Kina,
Dimona, Adada, Kedes, Hazor, Itnan, Zif, Telem, Bealot, Hazor Hadata, Keriot
Hezron (si nye Hazor), Aman, Sema, Molada, Hazar Gada, Hesmon, Bet Pelet, Hazar
Sual, Beerseba, Biziotia, Baala, Im, Ezem, Eltolad, Kesil, Horma, Ziklag,
Madmana, Sansana, Lebaot, Silhin, Ain kple Rimon. Du siawo katã de blaeve-vɔ-
asiekɛ kple kɔƒe siwo ƒo xlã wo. Du siwo wotsɔ na Yuda ƒe viwo le gbadzaƒe la
woe nye: Estaol, Zora, Asna, Zanoa, En Ganim, Tapua, Enam, Yarmut, Adulam, Soko
Azeka, Saaraim, Aditaim, Gedera (alo Gederotaim). Du siawo nye du wuiene kple
kɔƒe siwo ƒo xlã wo. Wogatsɔ du wuiade kple woƒe kɔƒewo na Yuda ƒe viwo. Du
siawoe nye: Zenan, Hadasa, Migdal Gag, Dilean, Mizpeh, Yɔkteel, Lakis, Bozkat,
Eglon, Kabon, Lahmas, Kitlis, Gederot, Bet Dagon, Naama, Makeda, Libna, Eter,
Asan, Yefta, Asna, Nezib, Keila, Akzib kple Maresa. Du siawo le asiekɛ kple wo
ŋu kɔƒeduwo. Ekron ƒe du kple eŋukɔƒewo katã hã nɔ Yudatɔwo ƒe anyigba la me.
Liƒo la gatso Ekron yi ɖatɔ Domeƒu la, eye du kple kɔƒe siwo te ɖe Asdod ƒe liƒo
ŋu la hã le anyigba la me kpe ɖe Asdod du la kple eƒe kɔƒewo, Gaza kple eƒe
kɔƒewo, heyi keke Egipte ƒe tɔʋu la kple Domeƒu la ƒe ƒuta, tso Egipte tɔʋu la
nu le anyigbeme yi Tiro le dzigbeme ŋu. Wogatsɔ du blaene-vɔ-ene siawo kple wo
ŋu kɔƒewo le tonyigba la dzi hã na Yuda ƒe viwo: Samir, Yatir, Soko, Dana,
Kiriat Sana (si nye Debir), Anab, Estemo, Anim, Gosen, Holon, Giloh, Arab, Duma,
Esam, Yanim, Bet Tapua, Afeka, Humta, Kiriat Arba (alo Hebron) kple Zior. Dus
siawo le asieke kple woƒe kɔƒeduwo. Maon, Karmel, Zif, Yuta, Yezreel, Yokdeam,
Zanoah, Kain, Gibea kple Timna. Du siawo le ewo kple woƒe kɔƒeduwo. Halhul, Bet
Zur, Gedor, Maarat, Bet Anot, Eltekon. Du siawo le ade kple woƒe kɔƒeduwo.
Kiriat Baal (si wogayɔna hã be Kiriat Yearim) kple Raba. Du siawo le eve kple
woƒe kɔƒeduwo. Bet Araba, Midin, Sekaka, Nibsan, Dzedu la kple En Gedi. Du ade
kple woƒe kɔƒeduwo. Yuda ƒe viwo mete ŋu nya Yebusitɔwo, ame siwo nɔ Yerusalem
la ɖa o, eya ta Yebusitɔwo gale afi ma, le Yuda ƒe viwo dome va se ɖe egbe."
16,https://audio-bible-cdn.youversionapi.com/1184/32k/JOS/16-2a420b64fbb638bc98e4078ce871a9b0.mp3,"Yosef ƒe vi siawo, ame siwo nye Efraim kple Manase ƒe viwo la, ƒe anyigba dze
egɔme tso Yɔdan tɔsisi la ŋu le Yeriko, to gbegbe la va yi tonyigba la dzi le
Betel, to afi ma yi Luz kple Atarɔt le Arkitɔwo ƒe anyigba dzi, ɖo ta ɣetoɖoƒe,
yi Yafletitɔwo ƒe liƒo dzi, yi keke Bet Horon le gbadzaƒe, to Gezer heyi ɖatɔ
Domeƒu la.  Esiae nye anyigba si Yosef ƒe viwo, Manase kple Efraim woxɔ.   Esiae
nye Efraim ƒe viwo ƒe anyigba le woƒe ƒome nu.  Efraim ƒe viwo ƒe anyigba ƒe
liƒo tso Atarot Ada ɖo ta ɣedzeƒe heyi Bet Horon le toawo dzi, eye wòtso afi ma
yi Domeƒu la ŋu. Mixmetat nɔ eƒe anyiehe lɔƒo. Liƒo la bi ɖo ta ɣedzeƒe; edze le
Taanat Silo ŋu le Yanoa ƒe ɣedzeƒe hetrɔ yi anyigbeme, yi Atarɔt kple Naara,
ɖatɔ Yeriko, eye wòwu nu ɖe Yɔdan tɔsisi la nu. Eƒe ɣedzeƒeliƒo ƒe afã le
dzigbeme gome tso Tapua, to Kana tɔʋu la ŋu yi ɖatɔ Domeƒu la. Esia nye
Efraimviwo ƒe to la ƒe anyigba le woƒe ƒomeawo nu. Wotsɔ du aɖewo tso Manase to
la ƒe afã ƒe anyigba dzi hã na Efraim ƒe viwo.  Womenya Kanaantɔ siwo nɔ Gezer
la ɖa le anyigba la dzi o, ale wogale Efraim ƒe viwo dome abe kluviwo ene."
17,https://audio-bible-cdn.youversionapi.com/1184/32k/JOS/17-564d1d3bd435473475dbd36facd7d71e.mp3,"Wotsɔ Gilead kple Basan ƒe anyigbawo, le Yɔdan tɔsisi la ƒe ɣedzeƒe na Makir,
Manase ƒe vi tsitsitɔ, ame si nye Gilead fofo, elabena wonye aʋawɔla sesẽwo, eya
ta, azɔ la, wotsɔ anyigba si le Yɔdan tɔsisi la ƒe ɣetoɖoƒe la na hlɔ̃ siwo dzɔ
tso Abiezer, Helek, Asriel, Sekem, Semida kple Hefer me. Viŋutsu aɖeke menɔ
Zelofehad si o, Zelofehad fofoe nye Hefer, ame si fofoe nye Gilead, ame si fofoe
nye Makir, ame si hã fofoe nye Manase. Vinyɔnu atɔ̃ koe nɔ esi, woawoe nye:
Mahla, Noa, Hogla, Milka kple Tirza. Nyɔnu siawo va nunɔla Eleazar kple Nun ƒe
vi Yosua kpakple Israel ƒe kplɔlawo gbɔ, eye woɖo ŋku edzi na wo be, “Yehowa
gblɔ na Mose be míaxɔ domenyinu abe ŋutsu siwo le míaƒe to la me ene tututu,”
eya ta abe ale si Yehowa ɖoe da ɖi ene la, wona anyigba wo abe ŋutsuawo ene. Le
esia ta la, Manase xɔ mama ewo kpe ɖe Gilead kple Basan ŋu le Yɔdan tɔsisi la ƒe
ɣedzeƒe esi wona anyigba eƒe dzidzimevi siwo nye nyɔnuwo kple ŋutsuwo siaa ta.
Wotsɔ Gileadnyigba na Manase ƒe dzidzimevi bubuawo. Manase ƒe viwo ƒe anyigba ƒe
anyigbemeliƒo ɖo ta anyigbeme lɔƒo tso Aser ƒe liƒo dzi yi Mixmetat, le Sekem ƒe
ɣedzeƒe. Le anyigbeme la, liƒo la tso Mixmetat yi Tapua ƒe vudo gbɔ. Tapuanyigba
nye Manase ƒe viwo tɔ, ke Tapua du la, si le Manase ƒe viwo ƒe anyigba ƒe liƒo
dzi la nye Efraim ƒe viwo tɔ. Manase ƒe viwo ƒe liƒo la to Tapua ƒe vudo la ŋu
to Kana tɔʋu la ƒe dziehe yi Domeƒu la ŋu. Du geɖe siwo nɔ tɔʋu la ƒe dziehe la
nye Efraim ƒe to la tɔ togbɔ be wonɔ Manase ƒe viwo ƒe anyigba dzi hã. Wotsɔ
anyigba si le tɔʋu la ƒe dziehe heyi keke Domeƒu la ƒe ɣetoɖoƒe la na Efraim ƒe
viwo, eye wotsɔ anyigba si le tɔʋu la ƒe anyiehe kple atsiaƒu la ƒe ɣedzeƒe la
na Manase ƒe viwo. Woƒe anyieheliƒoe nye Aser ƒe viwo ƒe anyigba. Woƒe
ɣedzeƒeliƒoe nye Isaka ƒe viwo ƒe anyigba. Wotsɔ Bet Sean, Ibleam, Dor, Endor,
Taanak Megido afi si to etɔ̃ nɔ kple kɔƒe siwo ƒo xlã wo la na Manase ƒe viwo ƒe
to afã togbɔ be wonɔ anyigba siwo wona Isaka ƒe viwo kple Aser ƒe viwo dzi hã.
Esi Manase ƒe dzidzimeviwo mete ŋu nya ame siwo nɔ du mawo me ɖa o ta la,
Kanaantɔ mawo tsi anyi. Esi Israelviwo va kpɔ ŋusẽ emegbe la, wozi Kanaantɔwo
dzi, eye wosubɔa wo abe kluviwo ene. Yosef ƒe to eveawo me tɔwo va bia Yosua be,
“Nu ka ta nèna anyigba ɖeka ko mí le esime Yehowa na míedzi sɔ gbɔ ale?” Yosua
gblɔ na wo be, “Ne Efraim ƒe tonyigba melolo na mi o la, ekema miƒo avenyigba si
dzi Perizitɔwo kple Refaimtɔwo le.” Yosef ƒe amewo ɖo eŋu be, “Tonyigba la
melolo na mí o, ke gatasiaɖamwo le Kanaantɔ siwo le gbadzaƒe la kple esiwo le
Bet Sean kple du siwo ƒo xlãe kple esiwo le Yezreel ƒe balime la si.” Yosua gblɔ
na Yosef ƒe aƒe, Efraim ƒe vi kple Manase ƒe vi siwo nɔ ɣetoɖoƒe la be, “Miesɔ
gbɔ nyateƒe, eye miesẽa ŋu ŋutɔ, eya ta ele be miaxɔ anyigba wòalolo. Tonyigba
la anye mia tɔ togbɔ be enye anyigba si dzi ave le hã la, miƒo avea, eye miaxɔ
anyigba la tso eƒe liƒo sia dzi yi liƒo kemɛ dzi togbɔ be gatasiaɖamwo le
Kanaantɔwo si, eye wonye dukɔ sesẽ aɖe hã la, mianya wo ɖa le anyigba la dzi.”"
18,https://audio-bible-cdn.youversionapi.com/1184/32k/JOS/18-1d3f9792c0194d8c108d618fba3d1ced.mp3,"Esi Israelviwo xɔ anyigba vɔ megbe la, wo katã wova kpe ta ɖe Silo, eye wotu
Yehowa ƒe Agbadɔ ɖe afi ma. Womema anyigba na Israel ƒe to adre haɖe o. Ale
Yosua bia Israelviwo be, “Va se ɖe ɣe ka ɣie mialala hafi anya ame siwo le
anyigba si Yehowa, mia Mawu la na mi la dzi? Mitia ame etɔ̃ tso to ɖe sia ɖe me,
eye madɔ wo ɖa be woayi aɖatsa ŋku le afi siwo dzi míeɖu haɖe o la dzi, ale be
woana manya woƒe lolome kple anyigba la ƒe lolome si to ɖe sia ɖe adi be yeaxɔ,
ekema mate ŋu amae na mi. Mama anyigba la ɖe akpa adre me: Yuda ƒe viwo anɔ woƒe
anyigba dzi le dziehe, eye Yosef ƒe viwo anɔ anyiehe. Miŋlɔ nu tso anyigba la ƒe
akpa adreawo ŋu tsɔ vɛ nam. Ekema mada akɔ ɖe edzi le Yehowa, míaƒe Mawu la
ŋkume ale be manya ale si mama anyigba lae. Ke miɖo ŋku edzi be womama anyigba
na Levitɔwo o, elabena Yehowa ƒe nunɔlawo wonye, eye woƒe nunɔladɔe nye woƒe
domenyinu wɔnuku la. Gad ƒe viwo kple Ruben ƒe viwo kple Manase ƒe viwo ƒe afã
magaxɔ anyigba aɖeke o, elabena woxɔ anyigba xoxo le Yɔdan tɔsisi la ƒe ɣedzeƒe,
afi si ŋugbe Mose do na wo.” Ame siwo wotia la dze mɔ be woata anyigba la vɛ na
Yosua ekema ate ŋu ama anyigba la na toawo to akɔdada le Yehowa ŋkume me. Ame
tiatiawo wɔ abe ale si woɖo na wo ene. Woma anyigba la ɖe akpa adre me, woŋlɔ du
siwo nɔ mama ɖe sia ɖe me la da ɖi, eye wotrɔ va Yosua gbɔ le asaɖa la me le
Silo.  Le afi ma, le asaɖa la me le Silo la, Yehowa fia Yosua to akɔdada la me,
ale si wòama anyigba lae na to vovovoawo.  Anyigba si wotsɔ na Benyamin ƒe viwo
la nɔ Yuda ƒe viwo kple Yosef ƒe viwo ƒe anyigbawo dome. Benyamin ƒe viwo ƒe
anyigba ƒe anyiehe dze egɔme tso Yɔdan tɔsisi la to, yi Yeriko ƒe anyiehe, to
tonyigba la kple Bet Aven gbegbe la dzi. Liƒo la tso afi ma ɖo ta dziehe yi Luz,
afi si wogayɔna be Betel, heyi Atarot Ada, le Bet Horon ƒe tonyigba dzi le
dziehe. Liƒo la trɔ tso afi ma ɖo ta dziehe, eto to si le Bet Horon kasa le
dziehe hewu nu ɖe Kiriat Baal, du si wogayɔna be Kiriat Yearim, si nye Yuda ƒe
viwo ƒe duwo dometɔ ɖeka la gbɔ. Esiae nye Benyamin ƒe viwo ƒe anyigba ƒe
ɣetoɖoƒeliƒo. Anyigba la ƒe anyigbemeliƒo tso Kiriat Yearim du la to, yi Efrɔn
to la dzi, yi Naftoa vudo la gbɔ, heyi to si le Ben Hinom ƒe Balime le Refaim ƒe
balime ƒe anyiehe gome. Etso afi ma, heto Hinom ƒe balime hetrɔ yi dziehe gome,
afi si Yebusitɔwo nɔ, eye wòyi ɖatɔ En Rogel. Tso En Rogel la, liƒo la ɖo ta
anyiehe kple ɣedzeƒe gome yi En Semes kple Gelilot le Adumim ƒe akpa kemɛ. Etrɔ
tso afi ma ɖo ta Bohan, Ruben ƒe vi ƒe kpe la gbɔ, eye wòzɔ Bet Araba ƒe
anyieheliƒo la ŋu heyi Araba. Egaɖo ta dziehe, dze le Bet Hogla ŋu, eye wòwu nu
ɖe Dzeƒu la to. Teƒe siae nye Yɔdan tɔsisi la ƒe seƒe le dziehe gome. Yɔdan
tɔsisi lae nye anyigba sia ƒe ɣedzeƒeliƒo. Anyigba siae wotsɔ na Benyamin ƒe
viwo. Du blaeve-vɔ-ade siwo nɔ anyigba sia dzi la woe nye: Yeriko, Bet Hogla,
Emek Keziz, Bet Araba, Zemaraim, Betel, Avim, Para, Ofra, Kefar Amoni, Ofni,
Geba. Du wuieve kple woƒe kɔƒeduwo. Gibeon, Rama, Beerot, Mizpeh, Kefira, Moza,
Rekem, Irpeel, Tarala, Zela, Haelef, Yebus (alo Yerusalem), Gibea kple Kiriat
Yearim. Wo katã le du wuiene. Wotsɔ du wuiene siawo kple kɔƒe siwo katã ƒo xlã
wo la na Benyamin ƒe ƒome la."
19,https://audio-bible-cdn.youversionapi.com/1184/32k/JOS/19-6ae76d9fe90ef04581c5f60339c21927.mp3,"Simeon ƒe viwo nye to evelia si wona anyigbae. Yuda ƒe viwo ƒe anyigba ƒe akpa
aɖe ge ɖe Simeon ƒe viwo tɔ me. Du wuiadre kple wo ŋu kɔƒe siwo nɔ anyigba si
wona Simeon ƒe viwo me la woe nye: Beerseba, Seba, Molada, Hazar Sual, Bala,
Ezem, Eltolad, Betul, Horma, Ziklag, Bet Markabot, Hazar Susa, Bet Lebaot kple
Saruhen. Du asieke kple woƒe kɔƒeduwo. Ain, Rimon, Eter kple Asan. Du ene kple
woƒe kɔƒeduwo. Wotsɔ du siwo nɔ anyigbeme yi keke Balat Beer, si wogayɔna be
(Rama le Negeb) la. Esiawo hã wotsɔ na Simeon ƒe viwo. Ale Simeon ƒe viwo ƒe
domenyinu tso nu si wotsɔ na Yuda ƒe viwo gbã la me, elabena nu si wona Yuda ƒe
viwo gbã la lolo na wo akpa.  To etɔ̃lia si wona anyigbae lae nye Zebulon ƒe
viwo. Woƒe anyigba la ƒe liƒo dze egɔme tso Sarid ƒe anyigbeme. Eƒo xlã tso afi
sia yi ɣetoɖoƒe, te ɖe Marala kple Dabeset ŋu va ɖo Yokneam tɔʋu la ŋu. Le go
kemɛ dzi la, liƒo la ɖo ta ɣedzeƒe va ɖo Kislot Tabor ƒe liƒo dzi, heyi Daberat
kple Yafia. Eyi ŋgɔ ɖo ta Gat Hefer, Et Kazin kple Rimono ƒe ɣedzeƒe hafi trɔ ɖo
ta Nea. Zebulon ƒe viwo ƒe anyigba ƒe anyieheliƒo to Hanaton hewu nu ɖe Ifta El
ƒe balime. Kata, Nahalal, Simron, Idala kple Betlehem kple du sue siwo ƒo xlã wo
la hã nɔ woƒe anyigba me. Du wuieve siawo kple kɔƒe siwo ƒo xlã wo la nɔ Zebulon
ƒe viwo ƒe anyigba me.  To enelia si wona anyigbae lae nye Isaka ƒe viwo ƒe
ƒomewo. Du siwo nɔ anyigba sia dzi la woe nye: Yezreel, Kesulot, Sunem,
Hafaraim, Siɔn, Anaharat, Rabit, Kision, Ebez, Remet, En Ganim, En Hada, Bet
Pazez. Liƒo la va ke ɖe Tabɔr, Sahazuma kple Bet Semes heva wu nu ɖe Yɔdan nu.
Wonye du wuiade kple du sue siwo ƒo xlã wo. Du wuiade siawo kple du sue siwo ƒo
xlã wo lae nɔ anyigba la dzi. Isaka ƒe viwo ƒe anyigba yi ɖatɔ Yɔdan tɔsisi la.
To atɔ̃lia si wona anyigbae lae nye Aser. Du siwo nɔ Aser ƒe viwo ƒe anyigba dzi
la woe nye: Helkat, Hali, Beten, Aksaf, Alamelek, Amad kple Misal. Anyigba sia
ƒe ɣedzeƒeliƒo tso Karmel yi Sihor Libnat ɖo ta ɣedzeƒe to Bet Dagon yi keke
Zebulon le Ifta El ƒe balime. Etrɔ ɖo ta Bet Emek kple Neiel ƒe anyiehe, eye
wòyi ɣedzeƒe na Kabul, Ebron, Rehob, Hamon, Kana kple Sidon gãtɔ. Liƒo la ɖo ta
Rama kple Tiro, du si woɖo gli ƒo xlã la gbɔ, eye wòyi ɖatɔ Domeƒu la le Hosa.
Du bubu siwo le anyigba la dzi la woe nye Mahala, Akzib, Uma, Afek kple Rehob.
Wonye du blaeve-vɔ-eve kple kɔƒeduwo Aser viwo ƒe anyigba me duwo de blaeve-vɔ-
eve kpe ɖe du sue siwo ƒo xlã wo la ŋu.  To adelia si wona anyigbae lae nye
Naftali. Eƒe liƒo dze egɔme tso Helef, le ʋuti si le Zaananim gbɔ. Eyi Adami
Nekeb, Yabneel kple Lakum hetɔ Yɔdan tɔsisi la. Eƒe ɣetoɖoƒeliƒo dze egɔme tso
Helef, dze to Aznɔt Tabɔr ŋu yi Hukok hewɔ ɖeka kple Zebulon ƒe liƒo le dziehe.
Anyigba sia ƒe liƒo gawɔ ɖeka kple Aser ƒe viwo tɔ le ɣetoɖoƒe lɔƒo. Eƒe
ɣedzeƒeliƒoe nye Yɔdan tɔsisi la. Du siwo woɖo gli ƒo xlã le anyigba la dzi la
woe nye: Zidim, Zer, Hamat, Rakat, Kineret, Adama, Rama, Hazor, Kedes, Edrei, En
Hazor, Yirɔn, Migdalel, Horem, Bet Anat kple Bet Semes. Wonye du wuiasiekɛ kple
kɔƒe siwo ƒo xlã wo. Ale du siwo nɔ Naftali ƒe viwo ƒe anyigba dzi la le
wuiasiekɛ kpe ɖe kɔƒe siwo ƒo xlã wo la ŋu.  To mamlɛtɔ si wona anyigbae lae nye
Dan. Du siwo nɔ anyigba sia dzi la woe nye: Zora, Estaol, Ir Semes, Salabin,
Aiyalon, Itla, Elon, Timna, Ekron, Elteke, Gibeton, Baalat, Yehud, Bene Berak,
Gat Rimon, Me Yakɔn kple Rakɔn kple anyigba si te ɖe Yopa ŋu. (Dan ƒe viwo mete
ŋu xɔ anyigba la bɔbɔe o, eya ta wowɔ aʋa kple Lesen du la, eye woxɔe. Wonɔ afi
ma, eye wotsɔ wo tɔgbui Dan ƒe ŋkɔ na teƒea). Du siawo kple wo ŋu kɔƒe siwo ƒo
xlã wo nye domenyinu si Dan ƒe viwo xɔ.  Ale woma anyigba la ɖe toawo dome, eye
wode liƒo wo ŋu. Israel dukɔ la tsɔ anyigba la ƒe akpa tɔxɛ aɖe na Nun ƒe vi
Yosua, elabena Yehowa gblɔ be Yosua ate ŋu atia du sia du si adze eŋu. Etia
Timnat Sera le Efraim ƒe tonyigba dzi, gbugbɔe tu, eye wònɔ afi ma.  Nunɔla
Eleazar, Yosua kple Israel ƒe towo ƒe kplɔlawo kpɔ akɔdada la dzi hena anyigba
la mama ɖe toawo dome. Woda akɔ sia le Yehowa ŋkume le Agbadɔ la ƒe mɔnu le
Silo."
20,https://audio-bible-cdn.youversionapi.com/1184/32k/JOS/20-42b0833734606449d971571e17fe2d4d.mp3,"Yehowa gblɔ na Yosua be, “Gblɔ na Israelviwo be woatia sitsoƒeduwo, abe ale si
meɖoe da ɖi to Mose dzi ene la azɔ. Ne ame aɖe wu ame to nu maɖowɔ me la, ate ŋu
asi ayi du siawo dometɔ ɖeka me, eye woaxɔ nɛ tso ame kukua ƒe ƒometɔwo, ame
siwo adi be yewoabia hlɔ̃ awui la ƒe asi me. Ne amewula la ɖo du siawo dometɔ
ɖeka me la, awɔ takpekpe kple du ma me tɔwo ƒe ametsitsiwo, agblɔ nu si dzɔ la
na wo, ekema woaxɔe, ana teƒee wòanɔ le wo dome. Ne ame kuku la ƒe ƒometɔ aɖe va
be yeabia hlɔ̃e, awui la, womaɖe asi le amewula la ŋu nɛ o, elabena menye ɖe
wòɖoe hafi wu amea o. Ele be amewula la nanɔ sitsoƒedu la me va se ɖe esime
ʋɔnudrɔ̃lawo nadrɔ̃ ʋɔnui, eye wòaganɔ afi ma va se ɖe esime nunɔlagã si nɔ dzi
ɖum hafi nya sia dzɔ la naku. Ekema amewula la ate ŋu atrɔ ayi wo de azɔ.” Du
siwo wotsɔ wɔ sitsoƒeduwoe lae nye Kedes le Galilea, le Naftali ƒe viwo ƒe
tonyigba dzi, Sekem le Efraim ƒe viwo ƒe tonyigba dzi kple Kiriat Arba si
wogayɔna be Hebron la, le Yuda ƒe tonyigba dzi. Yehowa gaɖoe be woagatia du bubu
etɔ̃ woazu sitsoƒeduwo le Yɔdan tɔsisi la ƒe ɣedzeƒe lɔƒo, le Yeriko ƒe akpa
kemɛ. Sitsoƒedu siawoe nye Bezer le Ruben ƒe viwo ƒe anyigba dzi, Ramot le
Gilead, le Gad ƒe viwo ƒe anyigba dzi kple Golan le Basan, le Manase ƒe viwo ƒe
anyigba dzi. Sitsoƒedu siawo li na amedzro siwo le Israelviwo dome kple
Israelviwo ŋutɔ siaa, ale be ame si meɖoe hafi wu nɔvia o la ate ŋu asi ayi teƒe
ma, woadrɔ̃ ʋɔnui, eye womabia hlɔ̃e, awui o."
21,https://audio-bible-cdn.youversionapi.com/1184/32k/JOS/21-ff03b45dcdce73328a97ef5f236d48b5.mp3,"Levitɔwo ƒe kplɔlawo va Silo be yewoalé nya aɖe akpɔ kple nunɔla Eleazar kple
Yosua kple Israel ƒe to vovovoawo ƒe kplɔlawo. Wogblɔ na takpekpe la be, “Yehowa
ɖo na eƒe dɔla, Mose, be wòatsɔ du aɖewo ana mí Levitɔwo, woanye aƒe na mí kple
lãnyiƒe na míaƒe lãwo.”  Eya ta Israelviwo tsɔ du siwo dzi woɖu la dometɔ aɖewo
kple woƒe lãnyiƒewo na Levitɔwo abe ale si Yehowa gblɔ ene. Levi ƒome la ƒe akpa
si tso Kohat ƒe hlɔ̃ me lae nye ame gbãtɔ siwo wona anyigbae. Aron ƒe
dzidzimeviwo hã xɔ du wuietɔ̃ siwo nye: Yuda, Simeon kple Benyamin ƒe viwo ƒe
anyigba ƒe akpa aɖe. Wotsɔ du ewo tso Efraim ƒe viwo ƒe duwo me na Kohat ƒe ƒome
bubuawo. Gerson ƒe viwo xɔ du wuietɔ̃ siwo wotia to akɔdada me tso du siwo le
Basan la me. Isaka ƒe viwo, Aser ƒe viwo, Naftali ƒe viwo kple Manase ƒe to ƒe
afã ɖe asi le du siawo ŋu na wo. Merari ƒe viwo xɔ du wuieve tso Ruben ƒe viwo,
Gad ƒe viwo kple Zebulon ƒe viwo gbɔ.  Ale wowɔ ɖe nu si Yehowa ɖo na Mose la
dzi, eye woma du siawo kple lãnyiƒe siwo le wo ŋu la to akɔdada me.  Esiawoe nye
du siwo woxɔ tso Yuda ƒe viwo kple Simeon ƒe viwo ƒe anyigba dzi na Aron ƒe
dzidzimeviwo, ame siwo wɔ Kohat hlɔ̃, eye wodzɔ tso Levi me. Woawoe nye ame
gbãtɔ siwo wona anyigbae. Wotsɔ Arba du, si wotsɔ Arba, Anak fofo ƒe ŋkɔ na, eye
woyɔnɛ azɔ be Hebron le Yuda ƒe tonyigba dzi la na wo, kpe ɖe lãnyiƒe si ƒo xlãe
la ŋu. Ke wotsɔ agblenyigba siwo le dua kple kɔƒe siwo le eŋu la na Kaleb,
Yefune ƒe vi, abe eƒe domenyinu ene xoxo. Hekpe ɖe Hebron si nye sitsoƒeduwo
dometɔ ɖeka ŋu la, du siwo wogatsɔ na nunɔla Aron ƒe dzidzimeviwo la woe nye
Libna, Yatir, Estemoa, Holon, Debir, Ain, Yuta kple Bet Semes kple lãnyiƒe siwo
ƒo xlã wo. Wonye du asiekɛ tso Yuda ƒe viwo kple Simeon ƒe viwo ƒe anyigbawo me.
Wona du ene siawo wo, le Benyamin ƒe viwo ƒe anyigba dzi: Gibeon, Geba, Anatɔt
kple Almon kple lãnyiƒe siwo ƒo xlã wo. Ale wotsɔ du wuietɔ̃ kple lãnyiƒe siwo
ƒo xlã wo la na nunɔlawo, Aron ƒe dzidzimeviwo.  Wotsɔ du aɖewo tso Efraim ƒe
viwo ƒe anyigba dzi na ƒome bubu aɖewo tso Kohat hlɔ̃ la me. Wotsɔ du ene siawo
le Efraim tonyigba la dzi la na wo: Sekem si nye sitsoƒeduwo dometɔ ɖeka kple
lãnyiƒe siwo ƒo xlã wo le Efraim ƒe tonyigba la dzi, Gezer, Kibzaim kple Bet
Horon kple wo ŋu lãnyiƒewo. Wotsɔ du ene siawo, Elteke, Gibeton, Aiyalon kple
Gat Rimon kple wo ŋu lãnyiƒewo na wo tso Dan ƒe viwo ƒe anyigba dzi. Wotsɔ du
eve na wo le Manase ƒe viwo ƒe to afã la ƒe anyigba dzi; du siawoe nye Taanak
kple Gat Rimon kpe ɖe woƒe lãnyiƒewo ŋu. Ale ƒome siwo tso Kohat hlɔ̃ la me la,
xɔ du ewo kple lãnyiƒe siwo ƒo xlã wo.  Levitɔ bubu siwo tso Gerson hlɔ̃ la me
la xɔ du eve kple woƒe lãnyiƒewo: le Manase ƒe viwo ƒe ɣedzeƒenyigba dzi. Du
siawoe nye Golan le Basan, si nye sitsoƒeduwo dometɔ ɖeka kple Be Estera. Woxɔ
du ene siawo le Isaka ƒe viwo ƒe anyigba dzi: Kision, Daberat, Yarmut kple En
Ganim, kpe ɖe woƒe lãnyiƒewo ŋu siwo le du ene. Woxɔ du ene siawo le Aser ƒe
viwo ƒe anyigba dzi: Misal, Abdon, Helkat kple Rehob, kpe ɖe wo ŋu lãnyiƒewo ŋu
siwo le du ene. Woxɔ du etɔ̃ le Naftali ƒe viwo ƒe anyigba dzi: Kedes le Galilea
si nye Sitsoƒeduwo dometɔ ɖeka kple Hamot Dor kple Kartan kple wo ŋu lãnyiƒewo
siwo le du etɔ̃. Ale ƒome vovovoawo tso Gerson ƒe hlɔ̃ la me xɔ du wuietɔ̃ kple
woƒe lãnyiƒewo.  Levitɔ mamlɛawo, ame siwo nye Merari ƒe hlɔ̃ la xɔ du ene
siawo: le Zebulon ƒe viwo ƒe anyigba dzi: Yokneam, Karta, Dimna kple Nahalal
kple woƒe lãnyiƒewo siwo nye du ene. Woxɔ du ene, Bezer, Yahaz, Kedemot kple
Mefaat kple wo ŋu lãnyiƒewo le Ruben ƒe viwo ƒe anyigba dzi siwo le du ene. Woxɔ
du ene le Gad ƒe viwo ƒe anyigba dzi: Ramot le Gilead si nye sitsoƒeduwo dometɔ
ɖeka, Mahanaim, Hesbon kple Yazer kple lãnyiƒe siwo ƒo xlã wo. Ale du siwo katã
wodzidze nu tsɔ na Merari ƒe hlɔ̃ siwo nye Levitɔwo ƒe ƒome mamlɛawo la le du
wuieve.  Du siwo katã nɔ Levitɔwo si le Israelnyigba dzi la, le blaene-vɔ-enyi
kpe ɖe woƒe lãnyiƒewo ŋu. Lãnyiƒewo ƒo xlã du siawo dometɔ ɖe sia ɖe, aleae wònɔ
na du ɖe sia ɖe. Ale Yehowa tsɔ anyigba si ŋugbe wòdo na wo tɔgbuiwo la katã na
Israelviwo. Woyi ɖaɖu ameawo dzi, eye wonɔ afi ma. Yehowa na ŋutifafa wo abe ale
si wòdo ŋugbe ene; ame aɖeke mete ŋu nɔ te ɖe wo nu o. Yehowa kpe ɖe wo ŋu woɖu
woƒe futɔwo katã dzi. Ale nu nyui siwo katã ŋugbe Yehowa do na wo la va eme
nenema tututu."
22,https://audio-bible-cdn.youversionapi.com/1184/32k/JOS/22-cdde5e8187694943cccabb26180319b9.mp3,"Azɔ la, Yosua yɔ Ruben ƒe viwo kple Gad ƒe viwo kple Manase ƒe to la ƒe afã la
ƒo ƒui. Egblɔ na wo be, “Miewɔ nu sia nu si Mose, Yehowa ƒe dɔla ɖo na mi be
miawɔ, eye miewɔ nye sewo katã hã dzi. Miegblẽ mia nɔvi Israelvi bubuawo ɖi kpɔ
gbeɖe o togbɔ be aʋa la xɔ ɣeyiɣi didi aɖe alea hã. Azɔ la, Yehowa, miaƒe Mawu
la na dziɖuɖu kple dzudzɔ mí abe ale si wòdo ŋugbe ene, eya ta miyi miaƒe
anyigba si Mose, Yehowa ƒe dɔla na mi le Yɔdan tɔsisi la ƒe akpa kemɛ la dzi
azɔ. Mikpɔ egbɔ be mieyi se siwo Mose de na mi la wɔwɔ dzi, milɔ̃ Yehowa, eye
mizɔ ɖe ɖoɖo siwo wòwɔ ɖe miaƒe agbenɔnɔ ŋu la nu. Milé ɖe Yehowa miaƒe Mawu ŋu,
eye miasubɔe kple miaƒe dzi blibo kple miaƒe luʋɔ blibo.” Le esia megbe la,
Yosua yra wo, eye wòɖo wo ɖe woƒe anyigbawo dzi. Mose tsɔ anyigba na Manase ƒe
to afã la ɖe Basan, eye Yosua na anyigba to la ƒe afã la ɖe Yɔdan tɔsisi la ƒe
ɣetoɖoƒekpa dzi kple wo nɔviŋutsuwo. Esi Yosua ɖo wo ɖe aƒe me la, edo mɔ wo
kple yayranya siawo be: “Migbugbɔ yi míaƒe aƒewo me kple miaƒe kesinɔnu
gbogboawo, lãha gãwo, klosalo, sika, akɔbli kple gayibɔ kple nudodo gbogboawo,
eye mima afunyinu siwo mieha le míaƒe futɔwo si la kple mia nɔviŋutsuwo.” Ale
Ruben ƒe viwo kple Gad ƒe viwo kple Manase ƒe viwo ƒe afã la dzo le Israelviwo
ƒe aʋakɔ la me le Silo, le Kanaanyigba dzi. Wotso tɔsisi la heyi woƒe anyigba
dzi le Gilead. Ke hafi woatso Yɔdan adzo le Kanaanyigba dzi la, wotu ŋkuɖodzikpe
gã aɖe abe vɔsamlekpui ene be ame sia ame nakpɔ. Ke esi Israelvi bubuawo se nu
si wowɔ la, woƒo ƒu aʋawɔla aɖewo nu le Silo be yewoawɔ aʋa kple yewo nɔvi
Israel ƒe to eve kple afã ma me tɔwo. Gbã la, Israelviwo na Finehas, nunɔla
Eleazar ƒe vi, kplɔ ame dɔdɔ aɖewo tso tɔsisi la, eye woƒo nu kple wo nɔvi Ruben
ƒe viwo, Gad ƒe viwo kple Manase ƒe viwo ƒe afã la. Ame dɔdɔawo nye Israel ƒe
amegãwo; ame ɖeka tso to ewoawo dometɔ ɖeka ɖe sia ɖe me, eye wo dometɔ ɖe sia
ɖe nye hlɔ̃ aɖe ƒe kplɔla. Esi woɖo Gilead la, wogblɔ na Ruben ƒe viwo kple Gad
ƒe viwo kple Manase ƒe viwo ƒe afã bena, “Yehowa ƒe ameha blibo la di be yeanya
nu si ta miele nu vɔ̃ wɔm ɖe Israel ƒe Mawu la ŋu, mietrɔ le eyome hetu
vɔsamlekpui, eye miedze aglã ɖe Yehowa ŋu. “Ɖe nu vɔ̃ si míewɔ le Peor mesɔ gbɔ
na mi oa? Míekɔ mía ɖokui ŋuti tso nu vɔ̃ ma ŋu haɖe va se ɖe egbe o, togbɔ be
dɔvɔ̃ va dze Yehowa ƒe amewo dzi hã. Ɖe miegale tɔtrɔm le Yehowa yome xoxoa?
Elabena mienya be ne yewodze aglã ɖe Yehowa ŋu egbe la, ado dɔmedzoe ɖe mí katã
ŋu etsɔ si gbɔna. Ne miehiã vɔsamlekpui, elabena wogblẽ kɔ ɖo na miaƒe anyigba
ta la, ekema miva kpe mí le míaƒe nɔƒe le tɔsisi la godo, afi si Yehowa le mía
dome le, le eƒe Agbadɔ la me, eye míama míaƒe anyigba na mi. Ke migadze aglã ɖe
Yehowa ŋu to vɔsamlekpui bubu tutu me kpe ɖe míaƒe Mawu ƒe vɔsamlekpui vavã ɖeka
la ŋu o. Ɖe mieɖo ŋku edzi be esime Akan, Zera ƒe vi, wɔ nu vɔ̃ ɖe Yehowa ŋu la,
wohe to na dukɔ blibo la, kpe ɖe ame ɖeka ma si wɔ nu vɔ̃ ŋu o mahã?” Ruben ƒe
viwo kple Gad ƒe viwo kple Manase ƒe viwo ƒe afã ɖo eŋu na Israelviwo ƒe tatɔwo
be, “Ŋusẽtɔ lae nye Yehowa, mawuwo dzi Mawu lae nya nu si ta míetu vɔsamlekpui
la, eye míedi be miawo hã mianya! Ne míedze aglã, eye míewɔ nuteƒe na Yehowa o
la, ekema migana míanɔ agbe o! Ne míeda le Yehowa ƒe se dzi, eye míetu míawo
ŋutɔ ƒe vɔsamlekpui be míasa numevɔ alo nuɖuvɔ loo alo ŋutifafavɔ le edzi la,
ekema Yehowa ŋutɔ nahe to na mí. Míewɔ nu sia, elabena míevɔ̃ be mia viwo agblɔ
na mía viwo be, ‘Mɔ ka miekpɔ asubɔ Yehowa, Israel ƒe Mawu la? Yehowa wɔ Yɔdan
tɔsisi la wònye liƒo le míawo kple mi Ruben ƒe viwo kple Gad ƒe viwo dome,
kadodo aɖeke mele miawo kple Yehowa dome o.’ Ekema miaƒe dzidzimeviwo ana míaƒe
dzidzimeviwo nadzudzɔ Yehowa subɔsubɔ, eya tae míetu vɔsamlekpui aɖe, menye hena
numevɔsawo alo akpedavɔsawo o, ke boŋ be wòanye dzesi anɔ míawo kple miawo siaa
dome kple dzesi na dzidzime siwo ava kplɔ mí ɖo la be míesubɔa Yehowa le agbadɔ
kɔkɔe sia ŋgɔ kple míaƒe nunanawo hena numevɔsawo kple ŋutifafavɔsawo. Míewɔ
esia ale be miaƒe dzidzimeviwo magblɔ na míaƒe dzidzimeviwo be, ‘Kadodo aɖeke
mele miawo kple Yehowa, míaƒe Mawu la dome o.’ Ne woagblɔ alea la, mía viwo ate
ŋu aɖe wo ɖokuiwo nu be, ‘Mikpɔ Yehowa ƒe vɔsamlekpui si mía fofowo tu ɖa! Wotui
ɖe Yehowa ƒe vɔsamlekpui la ƒe nɔnɔme nu. Wometui na numevɔsa kple vɔsa bubuawo
o, ke boŋ wotui be wòanye kadodo anɔ míawo kple miawo dome, eye wòaganye Yehowa
ƒe dzesi.’ “Nede megbe xaa tso mía gbɔ be, míagbugbɔ le Yehowa yome alo atsi
tsitre ɖe eŋu to vɔsamlekpuiɖiɖi me na mía ɖokui hena numevɔsa kple nuɖuvɔsa
kple vɔsa bubuawo. Vɔsamlekpui si le Agbadɔ la ŋkume ko ŋu dɔ míawɔ na vɔsasa.”
Esi Finehas, nunɔla la kple Israelviwo ƒe tatɔwo se nya siawo tso Ruben ƒe viwo
kple Gad ƒe viwo kple Manase ƒe viwo ƒe afã la nu la, wokpɔ dzidzɔ ŋutɔ. Finehas
si nye Eleaza vi gblɔ na wo be, “Míenya egbe be, Yehowa le mía dome, elabena
míewɔ nu vɔ̃ ɖe Yehowa ŋu abe ale si míebu ene o, ke boŋ mieɖe mí tso tsɔtsrɔ̃
me!” Finehas kple ame dɔdɔ ewoawo trɔ yi Israelvi bubuawo gbɔ, eye woɖe nu si
dzɔ la me na wo. Tete Israel blibo la tso aseye, kafu Mawu, eye womegagblɔ nya
aɖeke tso aʋawɔwɔ kple Ruben ƒe viwo kple Gad ƒe viwo ŋu o. Ruben ƒe viwo kple
Gad ƒe viwo na ŋkɔ vɔsamlekpui la be, “Ɖaseɖiɖi ƒe Vɔsamlekpui,” elabena wogblɔ
be, “Vɔsamlekpui la nye ɖaseɖiɖi le míawo kple woawo dome be Yehowae nye míaƒe
Mawu.”"
23,https://audio-bible-cdn.youversionapi.com/1184/32k/JOS/23-ff0b927ffbc42ecde4005d929cff1f1a.mp3,"Le esiawo katã megbe esi Yehowa na be Israelviwo ɖu woƒe futɔwo katã dzi, eye
wokpɔ gbɔdzɔe la, Yosua, ame si zu amegãɖeɖi azɔ la yɔ Israel ƒe kplɔlawo,
ametsitsiwo, ʋɔnudrɔ̃lawo kple dɔdzikpɔlawo katã ƒo ƒu hegblɔ na wo be, “Fifia
metsi azɔ. Miekpɔ nu siwo katã Yehowa, miaƒe Mawu la wɔ na mi le nye agbenɔɣi.
Ewɔ aʋa kple miaƒe futɔwo na mi, eye wòtsɔ woƒe anyigba na mi. Mema dukɔ siwo
gali kokoko kple esiwo dzi meɖu la ƒe anyigbawo na mi abe miaƒe domenyinu ene,
tso Yɔdan tɔsisi la ŋu le ɣedzeƒe heyi Domeƒu la ŋu le ɣetoɖoƒe. Yehowa, miaƒe
Mawu la ana miaƒe futɔwo nagbugbɔ, eye wòanya wo, woasi le mia ŋgɔ. Miaxɔ woƒe
anyigbawo abe ale si Yehowa, miaƒe Mawu la do ŋugbe na mi ene. “Ke miwɔ se siwo
katã woŋlɔ ɖe Mose ƒe Segbalẽ la me la dzi pɛpɛpɛ. Migade axa na seawo dzi wɔwɔ
le mɔ suetɔ kekeake gɔ̃ hã nu o. Mikpɔ nyuie be, miade ha kple trɔ̃subɔla siwo
gale anyigba la dzi kura o. Migayɔ woƒe mawuwo ƒe ŋkɔ gɔ̃ hã o; migawɔ woƒe ŋkɔ
ŋu dɔ le atamkaka me o, eye migasubɔ wo o. Ke midze Yehowa, miaƒe Mawu la yome
abe ale si miele wɔwɔm va se ɖe fifia ene. Yehowa nya dukɔ triakɔwo ɖa le mia
ŋgɔ, eye dukɔ aɖeke mete ŋu ɖu mia dzi o. Mia dometɔ ɖeka ɖe sia ɖe te ŋu nya
futɔ akpe ɖeka ɖe du nu, elabena Yehowa, miaƒe Mawu la wɔa aʋa na mi, eya ta
mikpɔ egbɔ be yewoyi Yehowa miaƒe Mawu lɔlɔ̃ dzi. “Ne miegbugbɔ le Yehowa yome,
eye ne miede asi srɔ̃ɖeɖe tso wo dome me la, ekema minyae nyuie be, Yehowa
maganya dukɔ mawo ɖa le miaƒe anyigba dzi o, ke boŋ azu mɔ si wotre na mi, ana
miase veve le miaƒe axadame, wòazu ŋu anɔ ŋku tɔm na mi, eye miatsrɔ̃ le anyigba
si Yehowa, miaƒe Mawu la na mi la dzi. “Esusɔ vie ko maku. Mia dometɔ ɖe sia ɖe
nya nyuie le eƒe dzi me be Yehowa miaƒe Mawu na nu nyui siwo katã ŋugbe wòdo la
mi, ɖeke meda le edzi o. Ke abe ale si wòwɔ ŋugbe siwo katã wòdo na mi dzi ene
la, nenema ke wòawɔ ɖe nya vɔ̃ siwo katã wògblɔ da ɖi la hã dzii. Ne miewɔ
nubabla si Yehowa wɔ kpli mi dzi o, eye ne miesubɔ Mawu bubuwo la, ekema ahe to
na mi le eƒe dɔmedzoe me, eye eteƒe madidi o la, mia dometɔ aɖeke magasusɔ ɖe
anyigba nyui si Yehowa tsɔ na mi la dzi o.”"
24,https://audio-bible-cdn.youversionapi.com/1184/32k/JOS/24-3098be5df216aa5a0b7c73246af894e8.mp3,"Yosua yɔ Israelviwo katã, woƒe ƒomewo ƒe ametsitsiwo, tatɔwo kple ʋɔnudrɔ̃lawo
siaa ƒo ƒu ɖe Sekem le Mawu ŋkume. Yosua gblɔ na wo be, “Yehowa, Israel ƒe Mawu
la be, ‘Mia tɔgbuiwo, Tera, Abraham kple Nahor fofo wonɔ Frat tɔsisi la ƒe
ɣedzeƒe, eye wosubɔ mawu bubuwo. Ke mekplɔ Abraham, mia tɔgbui, tso anyigba ma
dzi, na wòtso tɔsisi la, eye mekplɔe va Kanaanyigba dzi. Mena eƒe dzidzimeviwo
sɔ gbɔ to via Isak dzi. Isak ƒe vi siwo menae la woe nye, Yakob kple Esau. Metsɔ
anyigba si ƒo xlã Seir to la na Esau, ke Yakob kple viawo yi Egipte. “ ‘Meɖo
Mose kple Aron ɖa be woahe dɔvɔ̃ dziŋɔwo va Egipte dzi, eye mekplɔ nye ameawo
dzoe abe ablɔɖemewo ene. Ke esi woɖo Ƒu Dzĩ la nu la, Egiptetɔwo kplɔ wo ɖo kple
tasiaɖamwo kple sɔwo, ale Israelviwo do ɣli yɔm, eye mena viviti do ɖe woawo
kple Egiptetɔwo dome. Mena atsiaƒu la ŋe dze Egiptetɔwo dzi, eye wonyrɔ ɖe tsi
la me, miawo ŋutɔ miekpɔ nu si mewɔ. Le esia megbe la, Israelviwo nɔ gbegbe la
ƒe geɖe. “ ‘Mlɔeba la, mekplɔ mi va Amoritɔwo ƒe anyigba dzi le Yɔdan tɔsisi la
ƒe akpa kemɛ. Afi ma tɔwo wɔ aʋa kpli mi, ke metsrɔ̃ wo, eye metsɔ woƒe anyigba
la na mi. Emegbe la, Fia Balak ho aʋa ɖe Israel ŋu, eye wòbia tso Balaam, Beor
ƒe vi, si be wòaƒo fi ade mi, ke nyemeɖo toe o, ke boŋ mena wòyra mi boŋ. Ale
meɖe Israel tso eƒe asi me. “ ‘Mietso Yɔdan tɔsisi la, eye mieva Yeriko, afi ma
tɔwo wɔ aʋa kpli mi abe ale si Amoritɔwo, Perizitɔwo, Kanaantɔwo, Hititɔwo,
Girgasitɔwo, Hivitɔwo kple Yebusitɔwo siaa wɔ ene. Wowɔ aʋa kpli mi ɖeka ɖeka,
gake metsrɔ̃ wo katã. Meɖo nudzodzoe teamewo ɖe mia ŋgɔ be woanya Amoritɔwo ƒe
fia eveawo kple woƒe amewo. Menye miaƒe yiwo alo aŋutrɔwoe he dziɖuɖu vɛ na mi
o! Metsɔ anyigba si ŋu mieku kutri le o kple du siwo mietso o, du siwo me miele
fifia la na mi. Metsɔ waingblewo kple amitiwo na mi hena miaƒe nuɖuɖu togbɔ be
menye miawoe de woƒe agblewo o hã.’ “Eya ta mivɔ̃ Yehowa, eye miasubɔe kple dzi
blibo le nyateƒe me. Miɖe asi le mawu siwo mia tɔgbuiwo subɔ esime wonɔ Frat
tɔsisi la godo kple Egipte la ŋu. Misubɔ Yehowa ɖeɖe ko. Ke ne Yehowa subɔsubɔ
medze mia ŋu o la, ekema mitia ame si miasubɔ la egbea! Ɖe miasubɔ mia tɔgbuiwo
ƒe mawu siwo wosubɔ le Frat tɔsisi la godo loo alo Amoritɔwo ƒe mawuwo le
anyigba sia dzia? Ke nye kple nye aƒe ya, míasubɔ Yehowa!” Ameawo ɖo eŋu be,
“Míagblẽ Yehowa ɖi gbeɖe asubɔ mawu bubuwo o, elabena Yehowa, míaƒe Mawu la ɖe
mía fofowo tso kluvinyenye me le Egiptenyigba dzi. Eyae nye Mawu si wɔ nukunu
gãwo le Israelviwo ŋkume esi míezɔ mɔ to gbedzi, eye wòɖe mí tso míaƒe futɔwo ƒe
asi me esi míeto woƒe anyigbawo dzi. Yehowae nya Amoritɔwo kple dukɔ bubu siwo
nɔ anyigba sia dzi. Ɛ̃, míetia Yehowa, elabena eya ɖeka koe nye Mawu.” Yosua ɖo
eŋu na ameawo be, “Miate ŋu asubɔ Yehowa o, elabena Mawu le kɔkɔe, eye wòʋãa ŋu,
matsɔ miaƒe aglãdzedze kple nu vɔ̃wo ake mi o. Ne miegblẽ Yehowa ɖi, eye miesubɔ
mawu bubuwo la, atso ɖe mia ŋu, eye wòatsrɔ̃ mi togbɔ be ekpɔ mia dzi ɣeyiɣi
didi sia hã.” Ameawo ɖo eŋu be, “Gbeɖe, Yehowa ko miasubɔ.” Yosua yi edzi be,
“Miawo ŋutɔ miese nu si miegblɔ. Mielɔ̃ be yewoasubɔ Yehowaa?” Woɖo eŋu be, “Ɛ̃,
míenye ɖasefowo.” Yosua gblɔ be, “Enyo, ekema miɖe asi le mawu siwo katã le mia
si fifia la ŋu, eye miaɖo to Aƒetɔ, Yehowa, Israel ƒe Mawu la.” Ameawo ɖo eŋu na
Yosua be, “Ɛ̃, míasubɔ, eye míaɖo to, Yehowa míaƒe Mawu ko!” Ale Yosua bla nu
kple wo gbe ma gbe le Sekem, eye wòtsɔ wo de nubabla mavɔ me kple Mawu. Yosua
ŋlɔ ameawo ƒe ŋuɖoɖo ɖe Mawu ƒe Segbalẽ la me, eye wòmli kpe gã aɖe da ɖe logoti
si le Yehowa ƒe Agbadɔ la gbɔ la te abe ŋkuɖodzinu ene. Eye Yosua gblɔ na ameawo
katã be, “Kpe sia se nu siwo katã Yehowa gblɔ, eya ta anye ɖasefo atsi tsitre ɖe
mia ŋu ne miewɔ Yehowa, miaƒe Mawu la ƒe gbe dzi o.”  Yosua ɖe asi le ameawo ŋu,
eye ame sia ame yi eƒe anyigba dzi. Le ɣeyiɣi kpui aɖe megbe ko la, Nun vi Yosua
ku. Exɔ ƒe alafa ɖeka kple ewo. Woɖii ɖe eya ŋutɔ ƒe anyigba dzi le Timnat Sera,
le Efraim ƒe tonyigba la dzi, le Gaas toawo ƒe anyiehe lɔƒo. Israel subɔ Yehowa
le Yosua kple ametsitsi bubu siwo kpɔ nu wɔnuku siwo Yehowa wɔ na Israel teƒe la
le woƒe agbenɔɣiwo. Woɖi Yosef ƒe ƒu siwo Israel tsɔ vɛ tso Egiptenyigba dzi la
ɖe Sekem, le anyigba si Yakob ƒle le Hamor ƒe viwo si la dzi. Teƒe sia le
anyigba si woma na Yosef ƒe viwo la me. Eleazar, Aron ƒe vi hã ku, eye woɖii ɖe
Efraim ƒe tonyigba dzi le Gibea, du si wotsɔ na via Finehas la me."
